"VillePlus","Adresse","Ville"
"Auray"," Rue Abraham Duquesne, ZA de Kerbois, 56400 Auray","Auray"
"Baud"," 1 rue de la Libération, 56150 Baud","Baud"
"Brest Iroise"," 1 rue Commandant Yves Mindren, 29200 Brest","Brest"
"Brest Kergaradec"," 118 boulevard de Plymouth, 29200 Brest","Brest"
"Carhaix-Plouguer"," Boulevard Jean Moulin, 29270 Carhaix-Plouguer","Carhaix-Plouguer"
"Concarneau"," 1A rue Joseph Bigot, 29900 Concarneau","Concarneau"
"Fouesnant"," 26 route de Quimper, Rond-Point de Kervihan, 29170 Fouesnant","Fouesnant"
"Guingamp (Ploumagoar)"," 2 impasse des Buis, ZA de Runanvizit, 22970 Ploumagoar","Ploumagoar"
"Lamballe"," Parking de Lidl, ZA de Lanjouan, 22400 Lamballe","Lamballe"
"Landerneau"," 2 rue de la Marne, Centre Commercial du Bois Noir, Espace Sélène, 29800 Landerneau","Landerneau"
"Landivisiau"," Z.A de Kerven, 29400 Landivisiau","Landivisiau"
"Lannion"," Route de Tréguier, Centre Commercial Le Lion de Saint-Marc, 22300 Lannion","Lannion"
"Lesneven"," 5 rue de la Résistance, 29260 Lesneven","Lesneven"
"Loudéac"," 10 rue de la Chesnaie, 22600 Loudéac","Loudéac"
"Mordelles"," 15 avenue des Platanes, 35310 Mordelles","Mordelles"
"Morlaix (Saint-Martin-des-Champs)"," Rue du Grand Launay, 29600 Morlaix","Morlaix"
"Plérin (Saint-Brieuc)"," 34 rue Chaptal, 22000 Saint-Brieuc","Saint-Brieuc"
"Pleumeleuc"," 5 rue Pasteur, ZA du Bail, 35137 Pleumeleuc","Pleumeleuc"
"Plougastel-Daoulas"," 30 rue Alain Colas, 29470 Plougastel-Daoulas","Plougastel-Daoulas"
"Plouzané"," 22 bis rue de Kerallan, 29280 Plouzané","Plouzané"
"Pontivy"," 104 avenue de la Libération, 56300 Pontivy","Pontivy"
"Quimper Nord"," 161 route de Brest, Zone de Gourvily, 29000 Quimper","Quimper"
"Quimper Sud"," 11 rue du Poher, Centre Commercial Carrefour, 29000 Quimper","Quimper"
"Quimperlé"," 1 rue Éric Tabarly, ZC Kervidanou, 29300 Quimperlé","Quimperlé"
"Rennes Longchamps"," Centre Commercial Longchamps, 35700 Rennes","Rennes"
"Saint-Malo (Saint-Jouan-des-Guérets)"," Le Moulin du Domaine, 35430 Saint-Jouan-des-Guérets","Saint-Jouan-des-Guérets"
"Saint-Pol-de-Léon"," 5 rue de l'Armorique, 29250 Saint-Pol-de-Léon","Saint-Pol-de-Léon"
"Vannes"," 73 rue Aristide Boucicaut, 56000 Vannes","Vannes"
"Argences"," Rue de la Gare, 14370 Argences","Argences"
"Argentan"," ZAC de la Gravelle, 61200 Argentan","Argentan"
"L'Aigle"," Avenue du Mont Saint-Michel, 61300 L'Aigle","L'Aigle"
"Neufchâtel-en-Bray"," 12 rue de la Grande Flandre, 76270 Neufchâtel-en-Bray","Neufchâtel-en-Bray"
"Saint-Marcel (Vernon)"," 2 rue de l'Industrie, 27950 Saint-Marcel","Saint-Marcel"
"Carquefou"," 18 rue de l'Hôtellerie, 44470 Carquefou","Carquefou"
"Guérande"," 4 rue de la Briquerie, 44350 Guérande","Guérande"
"Herbignac"," 1 rue de la Fontaine, 44410 Herbignac","Herbignac"
"Saint-Philbert-de-Grand-Lieu"," 1 rue de la Forêt, 44310 Saint-Philbert-de-Grand-Lieu","Saint-Philbert-de-Grand-Lieu"
"La Teste-de-Buch"," 20 avenue de l'Europe, 33260 La Teste-de-Buch","La Teste-de-Buch"
"Saint-André-de-Cubzac"," 3 rue de la Gare, 33240 Saint-André-de-Cubzac","Saint-André-de-Cubzac"
"Caussade"," 5 avenue Jean Jaurès, 82300 Caussade","Caussade"
"Cazères"," 12 avenue de Toulouse, 31220 Cazères","Cazères"
"Léguevin"," 15 avenue de Gascogne, 31490 Léguevin","Léguevin"
"Pamiers"," 3 rue Pierre Bayle, 09100 Pamiers","Pamiers"
"Seysses"," 2 rue de la Liberté, 31600 Seysses","Seysses"
"Magny-en-Vexin"," 1 rue Gutenberg, 95420 Magny-en-Vexin","Magny-en-Vexin"
"Châtellerault"," 15 rue de la Désirée, 86100 Châtellerault","Châtellerault"
"Méru"," 2 rue des Métiers, 60110 Méru","Méru"
"Matignon"," 3 rue de la Mer, 22550 Matignon","Matignon"
"Chambray-lès-Tours"," 2 rue Charles Coulomb, 37170 Chambray-lès-Tours","Chambray-lès-Tours"
"Trie-Château"," 1 rue de la Gare, 60590 Trie-Château","Trie-Château"
"Distré"," 3 rue des Entrepreneurs, 49400 Distré","Distré"
