"VillePlus","Adresse","Ville"
"picard gradignan","148 cours du général de gaulle 33170 Gradignan","Gradignan"
"picard oullins","39 boulevard emile zola 69600 Oullins","Oullins"
"picard saint jean de monts","Centre commercial- les sentiers du maraisRoute de challans 85160 Saint jean de monts","Saint jean de monts"
"picard saint vincent de tyrosse","81 rue des lauriers 40230 Saint vincent de tyrosse","Saint vincent de tyrosse"
"picard orthez","64 avenue adrien plante 64300 Orthez","Orthez"
"picard bessan","11 rue des garriguesCcial terres de bessan 34550 Bessan","Bessan"
"picard sigean","Rue jean antoine chaptalCcial les aspres 11130 Sigean","Sigean"
"picard bel air (st germain laye)","Zone d'aménagement du bel air 78100 Saint germain en laye","Saint germain en laye"
"picard beausoleil","Rue du marché 06240 Beausoleil","Beausoleil"
"picard biarritz","74 avenue président kennedy 64200 Biarritz","Biarritz"
"picard biscarrosse","Route de bordeaux 40600 Biscarrosse","Biscarrosse"
"picard bethune","600 boulevard jean moulin 62400 Bethune","Bethune"
"picard beaune","4 avenue du bataillon de la garde 21200 Beaune","Beaune"
"picard begles","1 rue des frères lumièreCentre commercial rives d'arcins-lot mu08 33130 Begles","Begles"
"picard belley","118 chemin de la vuazBatiment de la poterie 01300 Belley","Belley"
"picard bernay","Route de rouen 27300 Menneval","Menneval"
"picard epinay sur orge","Chemin des tourellesCentre commercial carrefour 91360 Epinay sur orge","Epinay sur orge"
"picard faubourg st antoine","148 rue du faubourg saint antoine 75012 Paris","Paris"
"picard elbeuf","209 rue felix faure 76320 Caudebec les elbeuf","Caudebec les elbeuf"
"picard etienne marcel","14, rue etienne marcel 75002 Paris","Paris"
"picard eglise creteil","17 rue du général leclerc 94000 Creteil","Creteil"
"picard edgar quinet","70 boulevard edgar quinet 75014 Paris","Paris"
"picard ermont","40 rue de stalingrad 95120 Ermont","Ermont"
"picard etampes","122 rue saint jacques 91150 Etampes","Etampes"
"picard ecully","4 rue benoit tabardCentre commercial les arcades 69130 Ecully","Ecully"
"picard grasse saint jacques","13 route de draguignan 06130 Grasse","Grasse"
"picard gond pontouvre","296 route de paris 16160 Gond pontouvre","Gond pontouvre"
"picard golfe juan","142 avenue de la libertéRoute nationale 7 06220 Golfe juan","Golfe juan"
"picard grande synthe","63 avenue de la petite syntheZone commerciale du basroch 59760 Grande synthe","Grande synthe"
"picard grand pavois","352 rue lecourbe 75015 Paris","Paris"
"picard grenoble","Rue du dracZone commerciale comboire 38130 Echirolles","Echirolles"
"picard grenelle","195 rue de grenelle 75007 Paris","Paris"
"picard gonesse","3-5 avenue raymond rambert 95500 Gonesse","Gonesse"
"picard granville","490 route de villedieu 50400 Granville","Granville"
"picard l isle jourdain","252 d route de lombez 32600 L isle jourdain","L isle jourdain"
"picard l'isle sur la sorgue","136 route de carpentras 84800 L'isle sur la sorgue","L'isle sur la sorgue"
"picard la meinau strasbourg","331 route de colmar 67000 Strasbourg","Strasbourg"
"picard l hay les roses","51 bis boulevard paul vaillant couturier 94240 L hay les roses","L hay les roses"
"picard l isle adam","15 boulevard tilsitRoute nationale 322 centre commercial le grand val 95290 L'isle adam","L'isle adam"
"picard la boetie","3 rue de la boetie 75008 Paris","Paris"
"picard antony","6 rue jean moulin 92160 Antony","Antony"
"picard apt","110 traverse des abattoirs 84400 Apt","Apt"
"picard bel air (st germain laye)","Zone d'aménagement du bel air 78100 Saint germain en laye","Saint germain en laye"
"picard becon courbevoie","44 boulevard georges clemenceau 92400 Courbevoie","Courbevoie"
"picard bellerive","8 rue de la république 03700 Bellerive sur allier","Bellerive sur allier"
"picard berck","47 rue de beauchene 62600 Berck sur mer","Berck sur mer"
"picard belfort","4 boulevard henri dunant 90000 Belfort","Belfort"
"picard beaumont","Route d'aubiere 63110 Beaumont","Beaumont"
"picard bergerac","Za la cavaille nordAvenue du général de gaulle 24100 Bergerac","Bergerac"
"picard beccaria","2 rue beccaria 75012 Paris","Paris"
"picard beauvais","Avenue montaigneCentre commercial intermarché sud 60000 Beauvais","Beauvais"
"picard brie comte robert","Zone artisanale de la haie passart 77170 Brie comte robert","Brie comte robert"
"picard brive beauregard","Avenue jean charles rivetRoute nationale 89 19100 Brive la gaillarde","Brive la gaillarde"
"picard bretigny sur orge","Rue du poitouZone d'aménagement de maison neuve 91220 Bretigny sur orge","Bretigny sur orge"
"picard bourg la reine","63 avenue du maréchal joffreRn 20 (direction antony) 92340 Bourg la reine","Bourg la reine"
"picard bourges","Angle avenue d'orléansRue de la malitorne 18230 Saint doulchard","Saint doulchard"
"picard briancon","61 rue des couteliers 05100 Briancon","Briancon"
"picard brezin","3 rue brezin 75014 Paris","Paris"
"picard bourse","6 rue du 4 septembre 75002 Paris","Paris"
"picard brest","263 rue jean jaures 29200 Brest","Brest"
"picard champagne au mont d'or","131 avenue lanessan 69410 Champagne au mont d'or","Champagne au mont d'or"
"picard chalons en champagne","2 rue des vieilles postesAngle allée paul doumer 51000 Chalons en champagne","Chalons en champagne"
"picard chambray les tours","193 grand sud avenueRoute nationale 10 37170 Chambray les tours","Chambray les tours"
"picard charleville mezieres","135 avenue charles de gaulle 08000 Charleville mezieres","Charleville mezieres"
"picard chamonix","87 rue whymper 74400 Chamonix mont blanc","Chamonix mont blanc"
"picard champigny","12 rue albert thomas 94500 Champigny sur marne","Champigny sur marne"
"picard chambery","Rue de marocazZone du bolliet 73230 St alban leysse","St alban leysse"
"picard chamalieres","15 avenue voltaire 63400 Chamalieres","Chamalieres"
"picard chambourcy","Les champs d'hennemontRoute nationale 13 78240 Chambourcy","Chambourcy"
"picard conflans marche","215 avenue du maréchal foch 78700 Conflans ste honorine","Conflans ste honorine"
"picard cormontreuil","64 bis rue du commerceSortie cora côté quick 51350 Cormontreuil","Cormontreuil"
"picard courbevoie","7 rue baudinPlace charras 92400 Courbevoie","Courbevoie"
"picard concarneau","Zone artisanale de keramperu 29900 Concarneau","Concarneau"
"picard condamine","59 rue condamine 75017 Paris","Paris"
"picard compiegne","Rue gaspard mongeZone artisanale des sercières rocade sud 60200 Compiegne","Compiegne"
"picard coquelles","70 avenue charles de gaulle 62231 Coquelles","Coquelles"
"picard coutances","Rue des boissièresZone industrielle de la mare 50200 Coutances","Coutances"
"picard colmar","125 avenue d'alsaceA côté du mc donald's 68000 Colmar","Colmar"
"picard digne","29 rue du colonel noël 04000 Digne les bains","Digne les bains"
"picard doumer montesson","61 avenue aul doumer 78360 Montesson","Montesson"
"picard dijon marche","14 rue odebert 21000 Dijon","Dijon"
"picard dorlisheim","Rue mercureZone commerciale cora 67120 Dorlisheim","Dorlisheim"
"picard dugommier","242 rue de charenton 75012 Paris","Paris"
"picard dragon","24 rue du dragon 75006 Paris","Paris"
"picard draveil","24 place de la république 91210 Draveil","Draveil"
"picard deauville","Route de parisRoute nationale 177 14800 Touques","Touques"
"picard dole","123 avenue jacques duhamel 39100 Dole","Dole"
"picard frejus tassigny","960 avenue de lattre de tassigny 83600 Frejus","Frejus"
"picard franconville","Rue de l'hermitage 95130 Franconville","Franconville"
"picard francheville","29 avenue du chater 69340 Francheville","Francheville"
"picard fouesnant","Route de quimperPôle commercial quai 29 - zac de penhoat salaun 29170 Pleuven","Pleuven"
"picard gambey","6 rue gambey 75011 Paris","Paris"
"picard frejus","Avenue du 8 mai 45 83600 Frejus","Frejus"
"picard fresnes","45 avenue de stalingrad 94260 Fresnes","Fresnes"
"picard fougeres","Rue de sévignéForum de la gare 35300 Fougeres","Fougeres"
"picard gaillac","Avenue de saint exupéryCc de roumagnac - en face du leclerc 81600 Gaillac","Gaillac"
"picard garches","40 avenue joffre 92380 Garches","Garches"
"picard gond pontouvre","296 route de paris 16160 Gond pontouvre","Gond pontouvre"
"picard golfe juan","142 avenue de la libertéRoute nationale 7 06220 Golfe juan","Golfe juan"
"picard general leclerc","107 bis avenue du général leclerc 75014 Paris","Paris"
"picard grand pavois","352 rue lecourbe 75015 Paris","Paris"
"picard geispolsheim","3 rue du fort 67118 Geispolsheim","Geispolsheim"
"picard gardanne","Petit chemin d'aixCentre commercial carrefour market 13120 Gardanne","Gardanne"
"picard gonesse","3-5 avenue raymond rambert 95500 Gonesse","Gonesse"
"picard gap","Zone commerciale tokoro 05000 Gap","Gap"
"picard joue les tours","164 boulevard jean jaures 37300 Joue les tours","Joue les tours"
"picard ivry sur seine","3-5 rue gabriel peri 94200 Ivry sur seine","Ivry sur seine"
"picard joinville","9-13 avenue gallieni 94340 Joinville le pont","Joinville le pont"
"picard maison blanche","162-164 avenue d'italie 75013 Paris","Paris"
"picard jean zay","21 rue jean zay 75014 Paris","Paris"
"picard juvignac","68 route de saint georges d'orques 34990 Juvignac","Juvignac"
"picard la baule","Route de la bauleCentre commercial champion salines 44350 Guerande","Guerande"
"picard istres","Zone d'aménagement des cognets sud les pruniersRoute de fos 13800 Istres","Istres"
"picard jacou","Zone commerciale  espace bocaud 34830 Jacou","Jacou"
"picard la seyne sur mer les sablettes","66 avenue pablo neruda 83500 La seyne sur mer","La seyne sur mer"
"picard la teste de buch","20 avenue de verdunZone commerciale cap océan 33260 La teste de buch","La teste de buch"
"picard la roche sur yon","112 rue roger salengro 85000 La roche sur yon","La roche sur yon"
"picard lagny le sec","Rue de baranfosseZone industrielle de baranfosse 60330 Lagny le sec","Lagny le sec"
"picard la robertsau","25 rue boecklin 67000 Strasbourg","Strasbourg"
"picard lacepede","37 rue lacepede 75005 Paris","Paris"
"picard tinqueux","Route de soissonsCentre commercial carrefour 51430 Tinqueux","Tinqueux"
"picard thiais","6 rue des alouettes zone senia 94320 Thiais","Thiais"
"picard tavers","8 rue des praslesZc les portes de tavers-route nationale 152 45190 Tavers","Tavers"
"picard verrieres le buisson","7 voie georges pompidou 91370 Verrieres le buisson","Verrieres le buisson"
"picard ville d avray","59 rue de saint cloud 92410 Ville d'avray","Ville d'avray"
"picard verneuil","18 boulevard andre malraux 78480 Verneuil sur seine","Verneuil sur seine"
"picard victor hugo","65 rue saint didier 75016 Paris","Paris"
"picard villejuif","17-19 boulevard paul vaillant couturier 94800 Villejuif","Villejuif"
"picard vertou","472 route de clisson 44120 Vertou","Vertou"
"picard vernon","Boulevard jean jaures 27200 Vernon","Vernon"
"picard bailly romainvilliers","11 rue de l'aunette 77700 Bailly romainvilliers","Bailly romainvilliers"
"picard merignac soleil","6 rue jacques anquetil 33700 Merignac","Merignac"
"picard saint pierre du mont","Avenue du president kennedy 40280 Saint pierre du mont","Saint pierre du mont"
"picard nice armee des alpes","20 boulevard de l armee des alpes 06000 Nice","Nice"
"picard toulouse saint cyprien","7 place diebold 31300 Toulouse","Toulouse"
"picard wazemmes","349 rue léon gambetta 59000 Lille wazemmes","Lille wazemmes"
"picard savenay","Zac de la colleray - rd93 44260 Savenay","Savenay"
"picard maulette","Route de gambais 78550 Maulette","Maulette"
"picard revel","49 avenue de castelnaudary 31250 Revel","Revel"
"picard aix les milles","430 rue guillaume du vairPole d'activites commerciale 13290 Aix les milles","Aix les milles"
"picard agen","71 boulevard edouard lacourAngle avenue m luxembourg 47000 Agen","Agen"
"picard andrezieux boutheon","2 rue dieudonne costeAvenue jean mermoz - zac de la gouyonniere 42160 Andrezieux boutheon","Andrezieux boutheon"
"picard angers grand maine","2 allée du grand launay 49000 Angers","Angers"
"picard argenteuil","45-53 boulevard gallieni 95100 Argenteuil","Argenteuil"
"picard angouleme","420 route de bordeaux 16000 Angouleme","Angouleme"
"picard anglet","100 rue de chassin les 5 cantons 64600 Anglet","Anglet"
"picard annecy","110 avenue de genève 74000 Annecy","Annecy"
"picard andresy","16 rue du marechal foch 78570 Andresy","Andresy"
"picard anet","Boulevard des quatre arpenseZac le debucher 28260 Anet","Anet"
"picard angers","Avenue montaigneAngle rue gardot direction géant 49000 Angers","Angers"
"picard blois","Centre commercial championRoute nationale 152 41260 La chaussee saint victor","La chaussee saint victor"
"picard bonneuil","Zone artisanale et commerciale de la fosse aux moines10-12 rue de la convention 94380 Bonneuil sur marne","Bonneuil sur marne"
"picard bois colombes","11 rue du général leclerc 92270 Bois colombes","Bois colombes"
"picard bois guillaume","3042 route de neufchatel 76230 Bois guillaume","Bois guillaume"
"picard boisseuil","Lieu dit le bas faure 87110 Le vigen","Le vigen"
"picard bobillot","18 rue bobillot 75013 Paris","Paris"
"picard biganos","28 bis rue des fonderies 33380 Biganos","Biganos"
"picard bondy","Place de la division leclercRue roger salengro 93140 Bondy","Bondy"
"picard blaye","26 rue des cabernets 33390 Cars","Cars"
"picard entrepreneurs","38 bis rue des entrepreneurs 75015 Paris","Paris"
"picard mougins saint-martin","Avenue saint martin 06250 Mougins","Mougins"
"picard montreuil paul signac","6 avenue paul signac 93100 Montreuil","Montreuil"
"picard murs erigne","Rue aimé de soland 49610 Murs erigne","Murs erigne"
"picard mougins","701 chemin des campelieresGalerie principiano 06250 Mougins","Mougins"
"picard montrouge","62 avenue henri ginouxAnciennement rue de bagneux 92120 Montrouge","Montrouge"
"picard mortillet","Rue gabriel de mortilletZone d'aménagement de l'aulnay 77500 Chelles","Chelles"
"picard muzillac","Rue des salicornesEspace littoral 56190 Muzillac","Muzillac"
"picard muret","147 avenue jacques douzans 31600 Muret","Muret"
"picard aulnay sous-bois","5 boulevard de strasbourg 93600 Aulnay sous bois","Aulnay sous bois"
"picard suresnes bagatelle","16 place henri iv 92150 Suresnes","Suresnes"
"picard aubagne","11 impasse des martinets 13400 Aubagne","Aubagne"
"picard auteuil","63 rue d'auteuil 75016 Paris","Paris"
"picard aubiere","34 avenue du roussillon 63170 Aubiere","Aubiere"
"picard aurillac","14 boulevard de l'escudillier 15000 Aurillac","Aurillac"
"picard auterive","Zone industrielle du midi87 c route de toulouse 31190 Auterive","Auterive"
"picard avranches","1 rue des sablonnières 50300 Avranches","Avranches"
"picard auxerre","Rue des fourneauxZone commerciale les clairions 89000 Auxerre","Auxerre"
"picard auray","6 rue de belgiqueZone d'aménagement porte océane 56400 Auray","Auray"
"picard beausoleil","Rue du marché 06240 Beausoleil","Beausoleil"
"picard biarritz","74 avenue président kennedy 64200 Biarritz","Biarritz"
"picard la chapelle","27 rue de la chapelle 75018 Paris","Paris"
"picard juvignac","68 route de saint georges d'orques 34990 Juvignac","Juvignac"
"picard la baule","Route de la bauleCentre commercial champion salines 44350 Guerande","Guerande"
"picard kergaradec","Route de gouesnou kegaradec 29200 Brest","Brest"
"picard jacou","Zone commerciale  espace bocaud 34830 Jacou","Jacou"
"picard le cannet rocheville","204 boulevard du four à chaux 06110 Le cannet rocheville","Le cannet rocheville"
"picard le kremlin bicetre","74 avenue de fontainebleau 94270 Le kremlin bicetre","Le kremlin bicetre"
"picard le cannet des maures","Quartier taurellesRoute nationale 7 83340 Le cannet des maures","Le cannet des maures"
"picard le pian medoc","Route de pauillacZone commerciale leclerc 33290 Le pian medoc","Le pian medoc"
"picard le havre joliot curie","125 rue irène joliot curie 76620 Le havre","Le havre"
"picard le perreux","143 avenue du général de gaulle 94170 Le perreux","Le perreux"
"picard le havre","15-21 place des halles 76600 Le havre","Le havre"
"picard le pecq","13-15 avenue jean jaurès 78230 Le pecq","Le pecq"
"picard le mans","33-37 route de bonnetable 72000 Le mans","Le mans"
"picard maisons alfort centre","3 avenue leon blum 94700 Maisons alfort","Maisons alfort"
"picard neuilly madrid","12 avenue de madrid 92200 Neuilly sur seine","Neuilly sur seine"
"picard lyon point du jour","52 ter avenue du point du jour 69005 Lyon","Lyon"
"picard lyon marietton","42 rue marietton 69009 Lyon","Lyon"
"picard lyon terreaux","18 rue constantine 69001 Lyon","Lyon"
"picard mademoiselle","8 bis rue mademoiselle 75015 Paris","Paris"
"picard lyon vitton","8 cours vitton 69006 Lyon","Lyon"
"picard maindron","128 rue d'alésia 75014 Paris","Paris"
"picard macon","76 route de lyon 71000 Macon","Macon"
"picard mandelieu tourrades","Zone artisanale des tourrades 06210 Mandelieu  la bocca","Mandelieu  la bocca"
"picard marcel sembat","207 boulevard jean jaures 92100 Boulogne billancourt","Boulogne billancourt"
"picard maisons laffitte","31 avenue de longueil 78600 Maisons laffitte","Maisons laffitte"
"picard mantes la jolie","16-18 boulevard du maréchal juin 78200 Mantes la jolie","Mantes la jolie"
"picard marche viroflay","80 avenue du général leclerc 78220 Viroflay","Viroflay"
"picard mandelieu","225 avenue de cannes 06210 Mandelieu","Mandelieu"
"picard manosque","664 avenue de la libérationParc d activite saint joseph 04100 Manosque","Manosque"
"picard malraux metz","33 avenue andre malraux 57000 Metz","Metz"
"picard magenta","37 boulevard magenta 75010 Paris","Paris"
"picard millau","Zac du cap de cresBoulevard georges brassens 12100 Millau","Millau"
"picard mesnil esnard","145 route de paris 76240 Le mesnil esnard","Le mesnil esnard"
"picard milly la foret","27 rue du chenetZone artisanale du chenet 91490 Milly la foret","Milly la foret"
"picard metro vaugirard","285 rue vaugirard 75015 Paris","Paris"
"picard michel-bizot","89-93 avenue michel bizot 75012 Paris","Paris"
"picard mers","Impasse grand maraisCentre commercial auchan 80350 Mers les bains","Mers les bains"
"picard meudon","111 rue de parisPrès du monoprix 92190 Meudon","Meudon"
"picard meulan","18 quai albert jolyFace au parking du marché 78250 Meulan","Meulan"
"picard creil","Rue de la révolution françaiseCentre commercial cora 60740 Creil st maximin","Creil st maximin"
"picard cornebarrieu","35 bis route de toulouse 31700 Cornebarrieu","Cornebarrieu"
"picard coulommiers","25 avenue de strasbourg 77120 Coulommiers","Coulommiers"
"picard craponne","26 avenue edouard millaud 69290 Craponne","Craponne"
"picard essey les nancy","21 bis avenue fochRoute nationale 74 54270 Essey les nancy","Essey les nancy"
"picard faubourg montmartre","28 rue du faubourg montmartre 75009 Paris","Paris"
"picard filles du calvaire","9-11 boulevard du temple 75003 Paris","Paris"
"picard evreux","933 route de paris 27930 Le vieil evreux","Le vieil evreux"
"picard fecamp","Rue de la briqueterieZone commerciale les prairies de saint léonard 76400 Saint leonard","Saint leonard"
"picard estacade","82-84 cours jean jaures 38000 Grenoble","Grenoble"
"picard firminy","131 rue victor hugo 42700 Firminy","Firminy"
"picard esbly","Rue du port 77450 Esbly","Esbly"
"picard issy les moulineaux","45 rue du général leclerc 92130 Issy les moulineaux","Issy les moulineaux"
"picard houdemont","Rue des coteauxRoute départementale 570 54180 Houdemont","Houdemont"
"picard hazebrouck","Rue notre dameZone industrielle la creule 59190 Hazebrouck","Hazebrouck"
"picard guersant","44 rue guersant 75017 Paris","Paris"
"picard guingamp","21 rue du mréchal joffre 22200 Guingamp","Guingamp"
"picard issoire","Avenue pierre mendes franceZone d'aménagement des listes 63500 Issoire","Issoire"
"picard haxo","61-67 rue haxo 75020 Paris","Paris"
"picard illzach","Carrefour des 3 frontières ile napoléonRue de berne 68110 Illzach","Illzach"
"picard ifs","Route de falaise 14123 Ifs","Ifs"
"picard la ferte sous jouarre","13 avenue franklin roosevelt 77260 La ferte sous jouarre","La ferte sous jouarre"
"picard la garenne colombes","18 bis rue voltaire 92250 La garenne colombes","La garenne colombes"
"picard la meinau strasbourg","331 route de colmar 67000 Strasbourg","Strasbourg"
"picard la destrousse","Route nationale 96Lieu dit la souque nègre 13112 La destrousse","La destrousse"
"picard la grande motte","89 rue des artisans 34280 La grande motte","La grande motte"
"picard la ciotat","13 avenue emile sellon 13600 La ciotat","La ciotat"
"picard l isle adam","15 boulevard tilsitRoute nationale 322 centre commercial le grand val 95290 L'isle adam","L'isle adam"
"picard la muette","8 rue de la pompe 75016 Paris","Paris"
"picard la fleche","Allée de la  monnerie 72200 La fleche","La fleche"
"picard le pontet real panier","Rue jean et rené reinaudoCarrefour réal panier 84130 Le pontet","Le pontet"
"picard le puy en velay","127 avenue charles dupuy 43700 Brives charensac","Brives charensac"
"picard le havre joliot curie","125 rue irène joliot curie 76620 Le havre","Le havre"
"picard le lavandou","Avenue lou mistraou 83980 Le lavandou","Le lavandou"
"picard le pontet","841 chemin du périgord 84130 Le pontet","Le pontet"
"picard le perreux","143 avenue du général de gaulle 94170 Le perreux","Le perreux"
"picard lecourbe","12 rue lecourbe 75015 Paris","Paris"
"picard le havre","15-21 place des halles 76600 Le havre","Le havre"
"picard le mans","33-37 route de bonnetable 72000 Le mans","Le mans"
"picard mandelieu tourrades","Zone artisanale des tourrades 06210 Mandelieu  la bocca","Mandelieu  la bocca"
"picard villefranche s/saone","Rue francois meunier vialZone commerciale géant casino 69400 Villefranche sur saone","Villefranche sur saone"
"picard villenave d'ornon","66 route de leognan 33140 Villenave d'ornon","Villenave d'ornon"
"picard villeneuve d'ascq","Boulevard de l'ouest 59650 Villeneuve d'ascq","Villeneuve d'ascq"
"picard villebon","Chemin des briisCentre commercial auchan 91140 Villebon sur yvette","Villebon sur yvette"
"picard vieux colombes","48 rue saint denis 92700 Colombes","Colombes"
"picard villemomble","159 grande rue 93250 Villemomble","Villemomble"
"picard villemain","37 avenue villemain 75014 Paris","Paris"
"picard bidart","810 avenue de la source royale 64210 Bidart","Bidart"
"picard cagnes sur mer avenue des alpes","71 avenue des alpes 06800 Cagnes sur mer","Cagnes sur mer"
"picard la fare les oliviers","55 route de saint-chamas 13580 La fare-les-oliviers","La fare-les-oliviers"
"picard mallemort","Avenue de craponne 13370 Mallemort","Mallemort"
"picard bressuire","Rue de la triche 79300 Bressuire","Bressuire"
"picard brignais","2000 route de lyonParc affaire 69530 Brignais","Brignais"
"picard herblay","135 rue de conflans 95220 Herblay","Herblay"
"picard nogent marche","20-22 boulevard gallieni 94130 Nogent sur marne","Nogent sur marne"
"picard ballancourt","Rue jeanne pinetZone d'aménagement de l'aunaie 91610 Ballancourt sur essonne","Ballancourt sur essonne"
"picard balaruc","Centre commercial carrefour zone balarucZone artisanale balaruc l29 34540 Balaruc le vieux","Balaruc le vieux"
"picard beaucaire tarascon","425 route de nimesZone commerciale carrefour 30300 Beaucaire","Beaucaire"
"picard barjouville","7 rue des pierres missigauZone artisanale de la torche 28630 Barjouville","Barjouville"
"picard batignolles","29 boulevard des batignolles 75008 Paris","Paris"
"picard barentin","Centre commercial, rue du 19 mars 1962 76360 Barentin","Barentin"
"picard bandol","Immeuble la peyrière290 boulevard de marseille 83150 Bandol","Bandol"
"picard bayeux","Boulevard eindhovenCentre commercial champion 14400 Bayeux","Bayeux"
"picard bourg en bresse","Boulevard saint nicolas 01000 Bourg en bresse","Bourg en bresse"
"picard bordeaux meriadeck","56 rue château d'eau 33000 Bordeaux","Bordeaux"
"picard bordeaux nansouty","254 cours de l'yser 33800 Bordeaux","Bordeaux"
"picard bois d arcy","31 avenue jean jaures 78390 Bois d'arcy","Bois d'arcy"
"picard bois-senart","Centre commercial bois senart 77240 Cesson","Cesson"
"picard bonneville","2 route de cluses 74130 Bonneville","Bonneville"
"picard botzaris","72 rue de botzaris 75019 Paris","Paris"
"picard bolivar","15-17 avenue simon bolivar 75019 Paris","Paris"
"picard bouliac","1 quai de la souysZac de vimeney 33270 Floirac","Floirac"
"picard ferney voltaire","Zac de la poterie 01210 Ferney voltaire","Ferney voltaire"
"picard ferrieres","8 avenue james de rothschildCentre commercial casino 77164 Ferrieres en brie","Ferrieres en brie"
"picard filles du calvaire","9-11 boulevard du temple 75003 Paris","Paris"
"picard fontainebleau","32 boulevard maginot 77300 Fontainebleau","Fontainebleau"
"picard fontenay","18 place moreau david 94120 Fontenay s/bois","Fontenay sous bois"
"picard fenouillet","Rue des usinesRetail park fenouillet 31150 Fenouillet","Fenouillet"
"picard flandre","87 avenue de flandre 75019 Paris","Paris"
"picard firminy","131 rue victor hugo 42700 Firminy","Firminy"
"picard montigny les cormeilles","126 boulevard victor bordier 95370 Montigny les cormeilles","Montigny les cormeilles"
"picard henin beaumont","Boulevard schweitzerCentre commercial route de douai 62110 Henin beaumont","Henin beaumont"
"picard hyeres centre","10 avenue edmond dunan 83400 Hyeres","Hyeres"
"picard houdemont","Rue des coteauxRoute départementale 570 54180 Houdemont","Houdemont"
"picard hazebrouck","Rue notre dameZone industrielle la creule 59190 Hazebrouck","Hazebrouck"
"picard issoire","Avenue pierre mendes franceZone d'aménagement des listes 63500 Issoire","Issoire"
"picard haxo","61-67 rue haxo 75020 Paris","Paris"
"picard houilles","82 boulevard henri barbusse 78800 Houilles","Houilles"
"picard illzach","Carrefour des 3 frontières ile napoléonRue de berne 68110 Illzach","Illzach"
"picard la seyne sur mer les sablettes","66 avenue pablo neruda 83500 La seyne sur mer","La seyne sur mer"
"picard la varenne","5 place de stalingradPlace du marché 94210 La varenne st hilaire","La varenne st hilaire"
"picard lagny le sec","Rue de baranfosseZone industrielle de baranfosse 60330 Lagny le sec","Lagny le sec"
"picard la rochelle","1 boulevard joffre 17000 La rochelle","La rochelle"
"picard la roseraie angers","57 boulevard eugène chauminCentre commercial la roseraie 49000 Angers","Angers"
"picard lamorlaye","Rue du puys brayZone d'aménagement du château 60260 Lamorlaye","Lamorlaye"
"picard lacepede","37 rue lacepede 75005 Paris","Paris"
"picard lagord","Avenue du fief rose 17140 Lagord","Lagord"
"picard lamartine","62 rue lamartine 75009 Paris","Paris"
"picard lille lambersart","260-264 avenue de dunkerque 59130 Lambersart","Lambersart"
"picard lille peuple belge","46 avenue du peuple belge 59000 Lille","Lille"
"picard liberte rennes","35 bis boulevard de la liberté 35000 Rennes","Rennes"
"picard limoges nord","1 rue pierre michaux 87280 Limoges","Limoges"
"picard lille massena","91 rue massena 59800 Lille","Lille"
"picard limoges","Boulevard des vanteauxAngle 7 rue camille guérin 87000 Limoges","Limoges"
"picard lievin","Rue marie lietardZone artisanale des marichelles 62800 Lievin","Lievin"
"picard libourne","113 avenue du général de gaulle 33500 Libourne","Libourne"
"picard lognes","21 rue wolfgang amadeus mozart 77185 Lognes","Lognes"
"picard marseille saint julien","213-215 avenue du 24 avril 1915 13012 Marseille","Marseille"
"picard marseille saint barnabe","58 rue montaigne 13012 Marseille","Marseille"
"picard marseille saint loup","119-121 boulevard de saint loup 13010 Marseille","Marseille"
"picard marseille paradis","365 rue paradis 13008 Marseille","Marseille"
"picard marseille redon","11 boulevard du redon 13009 Marseille","Marseille"
"picard marseille lodi","84 rue de lodi 13006 Marseille","Marseille"
"picard maurice garin","Rue du bourdonnaisZone artisanale maurice garin 91230 Montgeron","Montgeron"
"picard merignac","17-19 avenue de la libération 33700 Merignac","Merignac"
"picard mende","11 avenue des ramilles 48000 Mende","Mende"
"picard murs erigne","Rue aimé de soland 49610 Murs erigne","Murs erigne"
"picard muzillac","Rue des salicornesEspace littoral 56190 Muzillac","Muzillac"
"picard montreuil croix de chavaux","14-16 avenue gabriel peri 93100 Montreuil","Montreuil"
"picard montreuil paul signac","6 avenue paul signac 93100 Montreuil","Montreuil"
"picard montrouge republique","122 avenue de la république 92120 Montrouge","Montrouge"
"picard mougins","701 chemin des campelieresGalerie principiano 06250 Mougins","Mougins"
"picard mortillet","Rue gabriel de mortilletZone d'aménagement de l'aulnay 77500 Chelles","Chelles"
"picard mulhouse","16 boulevard alfred wallach 68200 Mulhouse","Mulhouse"
"picard muret","147 avenue jacques douzans 31600 Muret","Muret"
"picard morlaix","2 rue du puits 29600 Morlaix","Morlaix"
"picard ormesson pince vent","11 avenue de l'hippodrome 94510 La queue en brie","La queue en brie"
"picard orly","35 route de choisy 94290 Villeneuve le roi","Villeneuve le roi"
"picard paris bayen","11 rue bayen 75017 Paris","Paris"
"picard orvault","248 route de vannes 44800 Orvault","Orvault"
"picard pantin","59 avenue jean lolive 93500 Pantin","Pantin"
"picard parame","10 rue de la croix des desilles 35400 St malo","St malo"
"picard paimpol","24 rue raymond pellier 22500 Paimpol","Paimpol"
"picard oseraie","Zone d'aménagement de l'oseraie 95520 Osny","Osny"
"picard pamiers","Route de mirepoixCentre commercial pyreval 09100 Pamiers","Pamiers"
"picard quincy","La marnièreCentre commercial val d'yerres 2 91480 Quincy sous senart","Quincy sous senart"
"picard providence vincennes","30 rue de fontenay 94300 Vincennes","Vincennes"
"picard puilboreau","34 rue du 18 juinZone commerciale beaulieu hyper u 17138 Puilboreau","Puilboreau"
"picard querqueville","180 rue du marais 50460 Querqueville","Querqueville"
"picard quetigny","2 boulevard de l'europeFace au centre commercial carrefour 21800 Quetigny","Quetigny"
"picard puteaux","99 rue jean jaures 92800 Puteaux","Puteaux"
"picard quimperle","Zone d'aménagement de kergoaler 29130 Quimperle","Quimperle"
"picard prony","55 rue de prony 75017 Paris","Paris"
"picard quimper","3 allée de trequeffelec 29000 Quimper","Quimper"
"picard redon bretagne","Route de rennesLieu dit cotard 35600 Redon","Redon"
"picard rennes cleunay","1 rue jules vallèsZone d'aménagement cleunay 35000 Rennes","Rennes"
"picard rambouillet","4 route d'orphinCd 150 accès centre commercial carrefour 78120 Rambouillet","Rambouillet"
"picard rendez-vous","43 rue du rendez-vous 75012 Paris","Paris"
"picard reims colombier","310 avenue de laon 51100 Reims","Reims"
"picard quimper sud","163 route de benodetZone commerciale géant 29000 Quimper","Quimper"
"picard provins","Route de champbenoistZone d'aménagement des bordes 77160 Provins","Provins"
"picard reaumur","35 rue reaumur 75003 Paris","Paris"
"picard reims","Rue henri delacroix 51100 Reims","Reims"
"picard ramonville st agne","27 avenue de tolosane 31520 Ramonville st agne","Ramonville st agne"
"picard rochefort","68 boulevard du 11 novembre 1918 17300 Rochefort","Rochefort"
"picard reims dauphinot","136 boulevard dauphinot 51100 Reims","Reims"
"picard rene coty","102 avenue rené coty 76600 Le havre","Le havre"
"picard rennes sud","95 boulevard emile combes 35000 Rennes","Rennes"
"picard republique","51 avenue de la république 75011 Paris","Paris"
"picard reuilly","37-37 bis rue de reuilly 75012 Paris","Paris"
"picard roanne","Rue alexandre raffinCentre commercial espace saint louis 42300 Roanne","Roanne"
"picard roncq","Rue dronckaertAngle boulevard d'halluin 59223 Roncq","Roncq"
"picard salon route de pelissanne","120 route de pelissanneRd 572 13300 Salon de provence","Salon de provence"
"picard sarlat la caneda","38 route du lot 24200 Sarlat la caneda","Sarlat la caneda"
"picard saint symphorien","21 rue de montreuil 78000 Versailles","Versailles"
"picard sanary sur mer","775 route de la gare 83110 Sanary","Sanary"
"picard saint renan","15 les rives du lac 29290 Saint renan","Saint renan"
"picard sallanches","842 avenue de genève 74700 Sallanches","Sallanches"
"picard schirmeck","200 route de schirmeck 67000 Strasbourg","Strasbourg"
"picard seclin","90 rue du commerceParc commercial so green-seclin unexpo 59113 Seclin","Seclin"
"picard saumur","23 boulevard du maréchal juin 49400 Saumur","Saumur"
"picard sannois","13 rue d'argenteuil 95100 Sannois","Sannois"
"picard st remy les chevreuses","23 avenue du général leclerc 78470 St remy les chevreuse","St remy les chevreuse"
"picard st maur louis blanc","12 avenue louis blanc 94100 St maur des fosses","St maur des fosses"
"picard st martin de re","19 avenue philippburg 17410 St martin de re","St martin de re"
"picard st priest","111 avenue albert raimont 42270 Saint priest en jarez","Saint priest en jarez"
"picard st maur rer","22 rue du pont de  créteil 94100 Saint maur des fosses","Saint maur des fosses"
"picard st victoret","Avenue du 8 mai 1945 les raumettes 13730 Saint victoret","Saint victoret"
"picard st nazaire","6 rue parmentier165 rue pornichet 44600 Saint nazaire","Saint nazaire"
"picard st maur","123 boulevard de creteil 94100 St maur","St maur"
"picard st quentin","Rue de la garenneLot les marlettes 02100 Fayet","Fayet"
"picard wasquehal","Zone d'aménagement du grand cottignies 59290 Wasquehal","Wasquehal"
"picard voisins bretonneux","Rue alfred de vignyZone commerciale de champ fleury 78960 Voisins le bretonneux","Voisins le bretonneux"
"picard vitrolles","64 avenue padovani 13127 Vitrolles","Vitrolles"
"picard voltaire","186 boulevard voltaire 75011 Paris","Paris"
"picard vineuil","49 avenue du grain d'or 41350 Vineuil","Vineuil"
"picard vincennes","142 avenue de paris 94300 Vincennes","Vincennes"
"picard viriat","44 rue du plateau 01440 Viriat","Viriat"
"picard voiron","26 boulevard denfert rochereau 38500 Voiron","Voiron"
"picard doubs","16-18, rue flora 25300 Doubs","Doubs"
"picard aire sur la lys","Avenue de l'europe 62120 Aire sur la lys","Aire sur la lys"
"picard marseille vieux port","11 place du général de gaulle 13001 Marseille","Marseille"
"picard ecole valentin","Rue ariane iiZac de valentin 25480 Miserey salines","Miserey salines"
"picard bagnolet","2-4 allée odette kerbaul 93170 Bagnolet","Bagnolet"
"picard martigues","2 boulevard de tholon 13117 Martigues","Martigues"
"picard meximieux","Rue de la trefilerie 01800 Meximieux","Meximieux"
"picard fonsorbes","Centre commercial des portes du gers1, allée de gascogne 31470 Fonsorbes","Fonsorbes"
"picard saint junien","Avenue d'oradour sur glaneZ.a les martines 87200 Saint junien","Saint junien"
"picard oloron sainte marie","Avenue alexandre fleming 64400 Oloron sainte marie","Oloron sainte marie"
"picard boulogne pont de sevres","67/81 avenue du général leclerc 92100 Boulogne billancourt","Boulogne billancourt"
"picard bondy","Place de la division leclercRue roger salengro 93140 Bondy","Bondy"
"picard blaye","26 rue des cabernets 33390 Cars","Cars"
"picard brive la gaillarde","Avenue bernadette et jacques chiracRoute nationale 89 19100 Brive la gaillarde","Brive la gaillarde"
"picard cagnes sur mer","89 avenue cyrille besset 06800 Cagnes sur mer","Cagnes sur mer"
"picard caen clemenceau","143 avenue georges clemenceau 14000 Caen","Caen"
"picard caen mondeville","7 rue marie-louise jay 14120 Mondeville","Mondeville"
"picard cabestany","4 avenue ambroise croizantRond point medipole 66330 Cabestany","Cabestany"
"picard cachan","14-16 avenue cousin de mericourt 94230 Cachan","Cachan"
"picard brune","15 boulevard brune 75014 Paris","Paris"
"picard cambrai","1 bis avenue de valenciennes 59400 Cambrai","Cambrai"
"picard brunoy","3 boulevard charles de gaulle 91800 Brunoy","Brunoy"
"picard chateaufarine","Rue de bellayZone commerciale chateaufarine 25000 Besancon","Besancon"
"picard chateau gontier","10 q rue de la fougetterie 53200 Aze","Aze"
"picard chateauneuf les martigues","2 avenue de la fauconnières 13220 Chateauneuf les martigues","Chateauneuf les martigues"
"picard chartres de bretagne","1 rue du village de la metairie 35131 Chartres de bretagne","Chartres de bretagne"
"picard chateaurenard","Boulevard ernest genevetLieudit clos isnard 13160 Chateaurenard","Chateaurenard"
"picard chateau vincennes","19 avenue du chateau 94300 Vincennes","Vincennes"
"picard chateauroux","126 boulevard de cluis 36000 Chateauroux","Chateauroux"
"picard charonne","99 boulevard de charonne 75011 Paris","Paris"
"picard chambry","Angle rue jean jaures et rue descartes 02000 Chambry","Chambry"
"picard avron (rue)","51 rue d'avron 75020 Paris","Paris"
"picard avignon","77 bis avenue pierre semard 84000 Avignon","Avignon"
"picard auterive","Zone industrielle du midi87 c route de toulouse 31190 Auterive","Auterive"
"picard bastia","Avenue de la libération 20600 Bastia","Bastia"
"picard avon","1 avenue des carrosses 77210 Avon","Avon"
"picard boulogne pont de saint cloud","15, rue de silly 92100 Boulogne billancourt","Boulogne billancourt"
"picard boulogne eglise","5 rue de l'eglise 92100 Boulogne billancourt","Boulogne billancourt"
"picard boulogne silly","149 rue de silly 92100 Boulogne billancourt","Boulogne billancourt"
"picard boulogne jaures","101/103 boulevard jean jaurès 92100 Boulogne billancourt","Boulogne billancourt"
"picard bordeaux saint-christoly","17 rue père louis de jabrun 33000 Bordeaux","Bordeaux"
"picard bordeaux cauderan","154 avenue du général leclerc 33200 Bordeaux","Bordeaux"
"picard bordeaux portal","13-15 cours portal 33000 Bordeaux","Bordeaux"
"picard boulainvilliers","42 rue de boulainvilliers 75016 Paris","Paris"
"picard anthy sur leman","1 avenue du pré robert sud 74200 Anthy sur leman","Anthy sur leman"
"picard argeles sur mer","Angle rue d'elne avenue de hürth 66700 Argeles sur mer","Argeles sur mer"
"picard antibes","4 avenue philippe rochat 06600 Antibes","Antibes"
"picard arcachon","35, cours lamarque de plaisance 33120 Arcachon","Arcachon"
"picard arpajon","11 place du marché 91290 Arpajon","Arpajon"
"picard arles","Zone industrielle de fourchon 13200 Arles","Arles"
"picard antony","6 rue jean moulin 92160 Antony","Antony"
"picard elbeuf","209 rue felix faure 76320 Caudebec les elbeuf","Caudebec les elbeuf"
"picard etienne marcel","14, rue etienne marcel 75002 Paris","Paris"
"picard eglise creteil","17 rue du général leclerc 94000 Creteil","Creteil"
"picard edgar quinet","70 boulevard edgar quinet 75014 Paris","Paris"
"picard eybens","34 avenue jean jaures 38320 Eybens","Eybens"
"picard etampes","122 rue saint jacques 91150 Etampes","Etampes"
"picard eysines","100 avenue du médoc 33320 Eysines","Eysines"
"picard evry","2 rue gaston cremieux 91000 Evry","Evry"
"picard grasse saint jacques","13 route de draguignan 06130 Grasse","Grasse"
"picard grenoble albert 1er","14 avenue albert 1er de belgique13 avenue du général champon 38000 Grenoble","Grenoble"
"picard grande synthe","63 avenue de la petite syntheZone commerciale du basroch 59760 Grande synthe","Grande synthe"
"picard guy moquet","102 avenue de saint ouen 75018 Paris","Paris"
"picard grenoble","Rue du dracZone commerciale comboire 38130 Echirolles","Echirolles"
"picard grasse","160 rue de cannes 06130 Grasse","Grasse"
"picard hauteville","65 rue d'hauteville 75010 Paris","Paris"
"picard grenelle","195 rue de grenelle 75007 Paris","Paris"
"picard granville","490 route de villedieu 50400 Granville","Granville"
"picard la celle saint cloud","29 avenue lucien rene duchesne 78170 La celle saint cloud","La celle saint cloud"
"picard l isle jourdain","252 d route de lombez 32600 L isle jourdain","L isle jourdain"
"picard l'isle sur la sorgue","136 route de carpentras 84800 L'isle sur la sorgue","L'isle sur la sorgue"
"picard l hay les roses","51 bis boulevard paul vaillant couturier 94240 L hay les roses","L hay les roses"
"picard l'isle d'abeau","Zone d'aménagement de saint hubert les sayesCentre commercial carrefour 38080 L'isle d'abeau","L'isle d'abeau"
"picard la chapelle","27 rue de la chapelle 75018 Paris","Paris"
"picard la boetie","3 rue de la boetie 75008 Paris","Paris"
"picard kergaradec","Route de gouesnou kegaradec 29200 Brest","Brest"
"picard l'union","Centre commercial saint caprais 31240 L'union","L'union"
"picard laumiere","100 rue de meaux 75019 Paris","Paris"
"picard langres","2 rue monge 52200 Saints-geosmes","Saints-geosmes"
"picard le cannet rocheville","204 boulevard du four à chaux 06110 Le cannet rocheville","Le cannet rocheville"
"picard le kremlin bicetre","74 avenue de fontainebleau 94270 Le kremlin bicetre","Le kremlin bicetre"
"picard le grand quevilly","6 rue antoine de lavoisier 76120 Le grand quevilly","Le grand quevilly"
"picard le cannet des maures","Quartier taurellesRoute nationale 7 83340 Le cannet des maures","Le cannet des maures"
"picard le pian medoc","Route de pauillacZone commerciale leclerc 33290 Le pian medoc","Le pian medoc"
"picard le mans plein sud","12-14 rue roger de la fresnaye 72100 Le mans","Le mans"
"picard laval","62 boulevard louis armandFace au centre commercial leclerc 53940 Saint berthevin","Saint berthevin"
"picard le pecq","13-15 avenue jean jaurès 78230 Le pecq","Le pecq"
"picard marseille la valentine","Avenue des peintres roux 13012 Marseille","Marseille"
"picard marseille chartreux","150 avenue des chartreux 13004 Marseille","Marseille"
"picard marseille delprat","Boulevard marcel delpratCentre commercial casino 13013 Marseille","Marseille"
"picard marseille cantini","39 avenue jules cantini 13006 Marseille","Marseille"
"picard franconville","Rue de l'hermitage 95130 Franconville","Franconville"
"picard fouesnant","Route de quimperPôle commercial quai 29 - zac de penhoat salaun 29170 Pleuven","Pleuven"
"picard gentilly","60 rue charles frerot 94250 Gentilly","Gentilly"
"picard fresnes","45 avenue de stalingrad 94260 Fresnes","Fresnes"
"picard gien","Rue de la bosserieZone commerciale val sologne 45500 Gien","Gien"
"picard joli mai (meudon)","13 avenue de celle 92360 Meudon la foret","Meudon la foret"
"picard juan les pins","122 avenue du président wilson 06160 Juan les pins","Juan les pins"
"picard ivry sur seine","3-5 rue gabriel peri 94200 Ivry sur seine","Ivry sur seine"
"picard joinville","9-13 avenue gallieni 94340 Joinville le pont","Joinville le pont"
"picard jaures montrouge","2 rue camille pelletanPlace jean jaurès 92120 Montrouge","Montrouge"
"picard jeanne d'arc","90 rue jeanne d'arc 75013 Paris","Paris"
"picard jean zay","21 rue jean zay 75014 Paris","Paris"
"picard jourdain","371 rue des pyrénées 75020 Paris","Paris"
"picard istres","Zone d'aménagement des cognets sud les pruniersRoute de fos 13800 Istres","Istres"
"picard le pontet real panier","Rue jean et rené reinaudoCarrefour réal panier 84130 Le pontet","Le pontet"
"picard le puy en velay","127 avenue charles dupuy 43700 Brives charensac","Brives charensac"
"picard le relecq","4 rue robert schumannZone d'aménagement de kerjean 29480 Le relecq kerhuon","Le relecq kerhuon"
"picard le lavandou","Avenue lou mistraou 83980 Le lavandou","Le lavandou"
"picard le pontet","841 chemin du périgord 84130 Le pontet","Le pontet"
"picard le raincy","14 avenue de la resistance 93340 Le raincy","Le raincy"
"picard le sart","186 rue jean jauresAngle rue de flandres 59650 Villeneuve d'ascq","Villeneuve d'ascq"
"picard ledru-rollin","108 avenue ledru rollin 75011 Paris","Paris"
"picard lecourbe","12 rue lecourbe 75015 Paris","Paris"
"picard longwy","Parc des emaux de longwyZone d'aménagement parc intercommunal 3 frontières 54350 Mont saint martin","Mont saint martin"
"picard maisons alfort","39 avenue général leclerc 94700 Maisons alfort","Maisons alfort"
"picard lyon saxe gambetta","25 avenue jean jaures 69007 Lyon","Lyon"
"picard lyon lafayette","100 cours lafayetteAllée g 69003 Lyon","Lyon"
"picard lyon baraban","295 cours lafayette 69006 Lyon","Lyon"
"picard lyon charpennes","115 avenue thiers 69006 Lyon","Lyon"
"picard lyon bachut","147 rue marius berliet 69008 Lyon","Lyon"
"picard malakoff","36 boulevard gabriel peri 92240 Malakoff","Malakoff"
"picard lorient","8 rue georges brassens 56100 Lorient","Lorient"
"picard menilmontant","39 rue menilmontant 75020 Paris","Paris"
"picard merignac mondesir","19 avenue gallieni 33700 Merignac","Merignac"
"picard meaux victoire","71 avenue de la victoire 77100 Meaux","Meaux"
"picard menton","19 rue fossan 06500 Menton","Menton"
"picard maurepas","Rond point pariwestFace au centre commercial auchan 78310 Maurepas","Maurepas"
"picard mazet","7 rue andre mazet 75006 Paris","Paris"
"picard melun","7 rue eugène briais 77000 Melun","Melun"
"picard mazamet","Zone artisanale et commerciale la molière basse 81200 Mazamet","Mazamet"
"picard biganos","28 bis rue des fonderies 33380 Biganos","Biganos"
"picard beziers","Zone commerciale beziers la giniesse 34500 Beziers","Beziers"
"picard bruay la buissiere","Rue rene wallart 62700 Bruay la buissiere","Bruay la buissiere"
"picard bourg les valence","173 avenue de lyon 26500 Bourg les valence","Bourg les valence"
"picard bourges clemenceau","5 boulevard clémenceau 18000 Bourges","Bourges"
"picard bourgogne orleans","130 rue du faubourg de bourgogne 45000 Orleans","Orleans"
"picard caen bretteville","9 ter avenue henry cheron 14000 Caen","Caen"
"picard breuillet","5 rue du buisson rondeau 91650 Breuillet","Breuillet"
"picard caen dunois","3 boulevard dunois 14000 Caen","Caen"
"picard brochant","137 avenue de clichy 75017 Paris","Paris"
"picard bron","Angle avenue du général de gaulle et de lattre de tassigny 69500 Bron","Bron"
"picard castanet tolosan","35 rue jean ingres 31320 Castanet tolosan","Castanet tolosan"
"picard charenton","89 rue de paris 94220 Charenton le pont","Charenton le pont"
"picard castelnaudary","Route de villasavaryCentre commercial o'castel 11400 Castelnaudary","Castelnaudary"
"picard chamnord","1097 rue des landiersCentre commercial chamnord 73000 Chambery","Chambery"
"picard cavaillon","105 route de pertuis 84300 Cavaillon","Cavaillon"
"picard cesson","7 c rue du rocher 35510 Cesson sevigne","Cesson sevigne"
"picard castagnary","16 rue castagnary 75015 Paris","Paris"
"picard challans","Rue carnot 85300 Challans","Challans"
"picard castres","217 avenue albert 1er 81100 Castres","Castres"
"picard clermont michelin","133 rue anatole france 63000 Clermont ferrand","Clermont ferrand"
"picard claye souilly","Route nationale 3Centre commercial carrefour 77410 Claye souilly","Claye souilly"
"picard chemin vert","8 rue du chemin vert 75011 Paris","Paris"
"picard chenove","1 rue jean moulin 21300 Chenove","Chenove"
"picard cholet","4 avenue de nantesPlace de la demi lune 49300 Cholet","Cholet"
"picard chaville","2093 avenue roger salengro 92370 Chaville","Chaville"
"picard cherbourg","7 rue de la saline 50100 Cherbourg","Cherbourg"
"picard chelles","74 avenue du maréchal fochRoute nationale 34 77500 Chelles","Chelles"
"picard checy","Rue alfred kastlerZone artisanale et commerciale de la guignardiière 45430 Checy","Checy"
"picard dalayrac (fontenay s/s b)","116 rue dalayrac 94120 Fontenay sous bois","Fontenay sous bois"
"picard crepy en valois","63 rue henri laroche 60800 Crepy en valois","Crepy en valois"
"picard croissy sur seine","21 boulevard hostachy 78290 Croissy sur seine","Croissy sur seine"
"picard damremont","43 rue damremont 75018 Paris","Paris"
"picard davezieux","700 route de lyonZone industrielle de la lombardière 07430 Davezieux","Davezieux"
"picard croix rousse","17 rue du mailQuartier croix rousse 69004 Lyon","Lyon"
"picard dantzig","2 ter rue dantzig 75015 Paris","Paris"
"picard custine","14 rue custine 75018 Paris","Paris"
"picard cugnaux","Avenue georges pompidouZone artisanale agora 31270 Cugnaux","Cugnaux"
"picard epinay sur orge","Chemin des tourellesCentre commercial carrefour 91360 Epinay sur orge","Epinay sur orge"
"picard entrepreneurs","38 bis rue des entrepreneurs 75015 Paris","Paris"
"picard saint jean de luz","Zone industrielle de jalday 64500 Saint jean de luz","Saint jean de luz"
"picard saint jean de vedas","Rue jean beneZone d'aménagement du mas de la grille 34430 Saint jean de vedas","Saint jean de vedas"
"picard st clement de riviere","Rue des genêtsZone commerciale carrefour 34980 St clement de riviere","St clement de riviere"
"picard saint charles","165 rue saint charles 75015 Paris","Paris"
"picard saint aunes","Zone d'aménagement saint antoine 34130 Saint aunes","Saint aunes"
"picard saint omer","6-8 route des bruyèresDerrière le buffalo grill 62500 Longuenesse","Longuenesse"
"picard st martin boulogne","7 rue de plaine 62280 Saint martin boulogne","Saint martin boulogne"
"picard st cyr sur loire","242 boulevard charles de gaulle 37540 Saint cyr sur loire","Saint cyr sur loire"
"picard st germain","28 rue du vieux marché 78100 St germain en laye","St germain en laye"
"picard st herblain","Rue des cochardieres 44800 St herblain","St herblain"
"picard st gregoire","Auge de pierre 35760 St gregoire","St gregoire"
"picard st egreve","9 rue de la tremouillièreZone commerciale 38120 Saint egreve","Saint egreve"
"picard st martial","52 cours gay lussac 87000 Limoges","Limoges"
"picard st malo","Avenue de launay breton 35400 Saint malo","Saint malo"
"picard st louis","6 rue d'altkirch 68300 Saint-louis","Saint-louis"
"picard vaux sur mer","9 rue jacques yves cousteauZone d'aménagement du val lumière 17640 Vaux sur mer","Vaux sur mer"
"picard val de reuil","9008, rue de la foret 27106 Val de reuil","Val de reuil"
"picard vaucresson","91 boulevard de la république 92420 Vaucresson","Vaucresson"
"picard vaureal","Boulevard de l'oise - placette du 8 mai 1945 95000 Vaureal","Vaureal"
"picard valmy","33 quai de valmy 75010 Paris","Paris"
"picard jaures montrouge","2 rue camille pelletanPlace jean jaurès 92120 Montrouge","Montrouge"
"picard hyeres centre","10 avenue edmond dunan 83400 Hyeres","Hyeres"
"picard jeanne d'arc","90 rue jeanne d'arc 75013 Paris","Paris"
"picard jourdain","371 rue des pyrénées 75020 Paris","Paris"
"picard houilles","82 boulevard henri barbusse 78800 Houilles","Houilles"
"picard le blanc mesnil","24-26 avenue henri barbusse 93150 Le blanc mesnil","Le blanc mesnil"
"picard le bouscat","48 avenue de la libération 33110 Le bouscat","Le bouscat"
"picard le boulou","Lieu dit vinyes d'en cavallers 66160 Le boulou","Le boulou"
"picard landerneau","Allée des mimosasLieu dit quinquio leck landerneau 29800 Landerneau","Landerneau"
"picard langueux","1 rue jules verne 22360 Langueux","Langueux"
"picard langon","Zone commerciale de moleon 33210 Langon","Langon"
"picard lannion","Route de perros guirecLieu dit kersoles 22300 Lannion","Lannion"
"picard lanester","Rue du 19 mars 1962Zone commerciale de kerrous 56600 Lanester","Lanester"
"picard laon","Rue charles peguyFace au centre commercial continent 02000 Laon","Laon"
"picard vendin le vieil","Centre commercial lens 2 62880 Vendin le vieil","Vendin le vieil"
"picard levallois baudin","43 rue baudin 92300 Levallois perret","Levallois perret"
"picard levallois wilson","48 rue du président wilson 92300 Levallois perret","Levallois perret"
"picard lesparre medoc","23 route de bordeaux 33340 Lesparre medoc","Lesparre medoc"
"picard legendre paris","21 rue legendre 75017 Paris","Paris"
"picard lescure d'albigeois","Route de la drèche 81000 Albi","Albi"
"picard bourg la reine","63 avenue du maréchal joffreRn 20 (direction antony) 92340 Bourg la reine","Bourg la reine"
"picard bourges","Angle avenue d'orléansRue de la malitorne 18230 Saint doulchard","Saint doulchard"
"picard briancon","61 rue des couteliers 05100 Briancon","Briancon"
"picard boucau","65 boulevard jacques duclos 64340 Boucau","Boucau"
"picard brignoles","326 avenue des berges 83170 Brignoles","Brignoles"
"picard brezin","3 rue brezin 75014 Paris","Paris"
"picard bourse","6 rue du 4 septembre 75002 Paris","Paris"
"picard brest","263 rue jean jaures 29200 Brest","Brest"
"picard bruay la buissiere","Rue rene wallart 62700 Bruay la buissiere","Bruay la buissiere"
"picard bretigny sur orge","Rue du poitouZone d'aménagement de maison neuve 91220 Bretigny sur orge","Bretigny sur orge"
"picard bourg les valence","173 avenue de lyon 26500 Bourg les valence","Bourg les valence"
"picard bourges clemenceau","5 boulevard clémenceau 18000 Bourges","Bourges"
"picard bourgogne orleans","130 rue du faubourg de bourgogne 45000 Orleans","Orleans"
"picard caen bretteville","9 ter avenue henry cheron 14000 Caen","Caen"
"picard breuillet","5 rue du buisson rondeau 91650 Breuillet","Breuillet"
"picard caen dunois","3 boulevard dunois 14000 Caen","Caen"
"picard bron","Angle avenue du général de gaulle et de lattre de tassigny 69500 Bron","Bron"
"picard brive la gaillarde","Avenue bernadette et jacques chiracRoute nationale 89 19100 Brive la gaillarde","Brive la gaillarde"
"picard cagnes sur mer","89 avenue cyrille besset 06800 Cagnes sur mer","Cagnes sur mer"
"picard caen clemenceau","143 avenue georges clemenceau 14000 Caen","Caen"
"picard caen mondeville","7 rue marie-louise jay 14120 Mondeville","Mondeville"
"picard cabestany","4 avenue ambroise croizantRond point medipole 66330 Cabestany","Cabestany"
"picard brochant","137 avenue de clichy 75017 Paris","Paris"
"picard cachan","14-16 avenue cousin de mericourt 94230 Cachan","Cachan"
"picard brune","15 boulevard brune 75014 Paris","Paris"
"picard brunoy","3 boulevard charles de gaulle 91800 Brunoy","Brunoy"
"picard villefranche sur mer","8 avenue du maréchal foch 06230 Villefranche sur mer","Villefranche sur mer"
"picard cannes la bocca","95 avenue francis tonner 06150 Cannes la bocca","Cannes la bocca"
"picard cannes republique","75 boulevard de la république 06400 Cannes","Cannes"
"picard cannes forville","11 place du marché forville 06400 Cannes","Cannes"
"picard cannes juin","9 avenue du maréchal juin 06400 Cannes","Cannes"
"picard cambronne","59 rue de cambronne 75015 Paris","Paris"
"picard carcassonne","275 bis avenue denis papin 11000 Carcassonne","Carcassonne"
"picard caluire","159 rue pasteur 69300 Caluire","Caluire"
"picard cambrai","1 bis avenue de valenciennes 59400 Cambrai","Cambrai"
"picard cauchois","1 rue cauchois 75018 Paris","Paris"
"picard castelsarrasin","Zac de l'artel 82100 Castelsarrasin","Castelsarrasin"
"picard canet en roussillon","10 rue eoleCentre commercial des alizes 66140 Canet en roussillon","Canet en roussillon"
"picard saint ouen l aumone","1 rue d'epluches 95310 St ouen l'aumone","St ouen l'aumone"
"picard chalon sur saone","Rue dumoreyZone commerciale chalon sud 71100 Chalon sur saone","Chalon sur saone"
"picard chalon republique","8 place de la république 71100 Chalon sur saone","Chalon sur saone"
"picard carre senart","17-19 trait d'unionCarré sénart 77127 Lieusaint","Lieusaint"
"picard chalette","3 avenue du général leclerc 45120 Chalette sur loing","Chalette sur loing"
"picard carpentras","16 boulevard de gravilleAngle avenue frédérique mistral 84200 Carpentras","Carpentras"
"picard capbreton","53 boulevard des cigales 40130 Capbreton","Capbreton"
"picard castanet tolosan","35 rue jean ingres 31320 Castanet tolosan","Castanet tolosan"
"picard charenton","89 rue de paris 94220 Charenton le pont","Charenton le pont"
"picard castelnau","1358 avenue de l'europe 34170 Castelnau le lez","Castelnau le lez"
"picard castelnaudary","Route de villasavaryCentre commercial o'castel 11400 Castelnaudary","Castelnaudary"
"picard cavaillon","105 route de pertuis 84300 Cavaillon","Cavaillon"
"picard cesson","7 c rue du rocher 35510 Cesson sevigne","Cesson sevigne"
"picard castagnary","16 rue castagnary 75015 Paris","Paris"
"picard challans","Rue carnot 85300 Challans","Challans"
"picard castres","217 avenue albert 1er 81100 Castres","Castres"
"picard champagne au mont d'or","131 avenue lanessan 69410 Champagne au mont d'or","Champagne au mont d'or"
"picard chalons en champagne","2 rue des vieilles postesAngle allée paul doumer 51000 Chalons en champagne","Chalons en champagne"
"picard chambray les tours","193 grand sud avenueRoute nationale 10 37170 Chambray les tours","Chambray les tours"
"picard charleville mezieres","135 avenue charles de gaulle 08000 Charleville mezieres","Charleville mezieres"
"picard chamonix","87 rue whymper 74400 Chamonix mont blanc","Chamonix mont blanc"
"picard champigny","12 rue albert thomas 94500 Champigny sur marne","Champigny sur marne"
"picard chambery","Rue de marocazZone du bolliet 73230 St alban leysse","St alban leysse"
"picard chamnord","1097 rue des landiersCentre commercial chamnord 73000 Chambery","Chambery"
"picard chambourcy","Les champs d'hennemontRoute nationale 13 78240 Chambourcy","Chambourcy"
"picard chartres de bretagne","1 rue du village de la metairie 35131 Chartres de bretagne","Chartres de bretagne"
"picard chateaurenard","Boulevard ernest genevetLieudit clos isnard 13160 Chateaurenard","Chateaurenard"
"picard chateau vincennes","19 avenue du chateau 94300 Vincennes","Vincennes"
"picard chamalieres","15 avenue voltaire 63400 Chamalieres","Chamalieres"
"picard chateauroux","126 boulevard de cluis 36000 Chateauroux","Chateauroux"
"picard chateaufarine","Rue de bellayZone commerciale chateaufarine 25000 Besancon","Besancon"
"picard charonne","99 boulevard de charonne 75011 Paris","Paris"
"picard chambry","Angle rue jean jaures et rue descartes 02000 Chambry","Chambry"
"picard chartres","Route nationale 10Centre commercial la madeleine 28000 Chartres","Chartres"
"picard chateauneuf les martigues","2 avenue de la fauconnières 13220 Chateauneuf les martigues","Chateauneuf les martigues"
"picard chatenay malabry","31-49 avenue de la division leclerc 92290 Chatenay malabry","Chatenay malabry"
"picard chateau thierry","Avenue du général de gaulle 02400 Essomes sur marne","Essomes sur marne"
"picard chasse sur rhone","Cc geant casino chasse sud lieu dit « les roues »1515 avenue fréderic mistral 38670 Chasse sur rhone","Chasse sur rhone"
"picard chateau d'olonne","Centre commercial de la boussole 85100 Chateau d'olonne","Chateau d'olonne"
"picard chateau gontier","10 q rue de la fougetterie 53200 Aze","Aze"
"picard chatellerault","138 avenue du maréchal foch 86100 Chatellerault","Chatellerault"
"picard chatillon","62 avenue de paris 92320 Chatillon","Chatillon"
"picard trans en provence","Avenue du général de gaulleLe grand pont- route nationale 555 83720 Trans en provence","Trans en provence"
"picard toulouse saint michel","16 grande rue saint michel 31000 Toulouse","Toulouse"
"picard tourville","Centre commercial carrefour 76410 Tourville la riviere","Tourville la riviere"
"picard toulouse les arenes","59-61 avenue de lombez 31300 Toulouse","Toulouse"
"picard toulouse gramont","23 chemin de gabardieFace au auchan 31200 Toulouse","Toulouse"
"picard toulouse minimes","83, boulevard silvio trentin 31200 Toulouse","Toulouse"
"picard troyes pompidou","4 boulevard george pompidou 10000 Troyes","Troyes"
"picard tours nord","Route nationale 10Zone fuzaparc 37000 Tours","Tours"
"picard trignac","1 rue de la fontaine au brun 44570 Trignac","Trignac"
"picard villabe","3 route de villoison 91000 Villabe","Villabe"
"picard villefranche de rouergue","Route de montauban 12200 Villefranche de rouergue","Villefranche de rouergue"
"picard vertou","472 route de clisson 44120 Vertou","Vertou"
"picard verrieres le buisson","7 voie georges pompidou 91370 Verrieres le buisson","Verrieres le buisson"
"picard ville d avray","59 rue de saint cloud 92410 Ville d'avray","Ville d'avray"
"picard vieux colombes","48 rue saint denis 92700 Colombes","Colombes"
"picard victor hugo","65 rue saint didier 75016 Paris","Paris"
"picard villejuif","17-19 boulevard paul vaillant couturier 94800 Villejuif","Villejuif"
"picard villemain","37 avenue villemain 75014 Paris","Paris"
"picard boulogne pont de sevres","67/81 avenue du général leclerc 92100 Boulogne billancourt","Boulogne billancourt"
"picard goussainville","95 rue léonard de vinci 95190 Goussainville","Goussainville"
"picard clichy mairie","3 place du marche 92110 Clichy la garenne","Clichy la garenne"
"picard conflans","Route nationale 184Zone artisanale des boutries 78700 Conflans ste honorine","Conflans ste honorine"
"picard civrieux","Zone des prés secsZone commerciale leclerc route de la vallée 69380 Civrieux d'azergues","Civrieux d'azergues"
"picard compiegne hopital","7 place de l'ancien hôpital 60200 Compiegne","Compiegne"
"picard coetlosquet metz","1 bis rue du coetlosquet 57000 Metz","Metz"
"picard clermont","Rue gerard de nerval 60600 Clermont","Clermont"
"picard colombes","86-88 rue henri barbusse 92700 Colombes","Colombes"
"picard colomiers","12 allée du lauragaisBatiment a 31770 Colomiers","Colomiers"
"picard conflans marche","215 avenue du maréchal foch 78700 Conflans ste honorine","Conflans ste honorine"
"picard combs la ville","1 place hottinguer 77380 Combs la ville","Combs la ville"
"picard colonel-fabien","9-11 place du colonel fabien 75010 Paris","Paris"
"picard concarneau","Zone artisanale de keramperu 29900 Concarneau","Concarneau"
"picard condamine","59 rue condamine 75017 Paris","Paris"
"picard compiegne","Rue gaspard mongeZone artisanale des sercières rocade sud 60200 Compiegne","Compiegne"
"picard coquelles","70 avenue charles de gaulle 62231 Coquelles","Coquelles"
"picard coutances","Rue des boissièresZone industrielle de la mare 50200 Coutances","Coutances"
"picard colmar","125 avenue d'alsaceA côté du mc donald's 68000 Colmar","Colmar"
"picard couilly pont aux dames","71 avenue de l'ensoleilleeZone commerciale super u 77860 Couilly pont aux dames","Couilly pont aux dames"
"picard courbevoie faubourg de l'arche","12 rue berthelot 92400 Courbevoie","Courbevoie"
"picard cosne sur loire","Avenue du 85ème de ligneFace au carrefour market 58200 Cosne cours sur loire","Cosne cours sur loire"
"picard cormeilles","43 boulevard clemenceauRoute nationale 192 95240 Cormeilles en parisis","Cormeilles en parisis"
"picard creil","Rue de la révolution françaiseCentre commercial cora 60740 Creil st maximin","Creil st maximin"
"picard cormontreuil","64 bis rue du commerceSortie cora côté quick 51350 Cormontreuil","Cormontreuil"
"picard courbevoie","7 rue baudinPlace charras 92400 Courbevoie","Courbevoie"
"picard coulommiers","25 avenue de strasbourg 77120 Coulommiers","Coulommiers"
"picard craponne","26 avenue edouard millaud 69290 Craponne","Craponne"
"picard dalayrac (fontenay s/s b)","116 rue dalayrac 94120 Fontenay sous bois","Fontenay sous bois"
"picard corbeil","15 avenue pointe ringaleEchangeur saint germain 91250 St germain les corbeil","St germain les corbeil"
"picard croissy sur seine","21 boulevard hostachy 78290 Croissy sur seine","Croissy sur seine"
"picard cornebarrieu","35 bis route de toulouse 31700 Cornebarrieu","Cornebarrieu"
"picard damremont","43 rue damremont 75018 Paris","Paris"
"picard davezieux","700 route de lyonZone industrielle de la lombardière 07430 Davezieux","Davezieux"
"picard croix rousse","17 rue du mailQuartier croix rousse 69004 Lyon","Lyon"
"picard dantzig","2 ter rue dantzig 75015 Paris","Paris"
"picard custine","14 rue custine 75018 Paris","Paris"
"picard croix blanche","Rue des hirondellesZone commerciale de la croix blanche 91700 Ste genevieve des bois","Ste genevieve des bois"
"picard dijon-allobroges","10 boulevard des allobroges 21121 Fontaine les dijon","Fontaine les dijon"
"picard crepy en valois","63 rue henri laroche 60800 Crepy en valois","Crepy en valois"
"picard deuil la barre","25-27 avenue de la division leclerc 95170 Deuil la barre","Deuil la barre"
"picard dives sur mer","Boulevard maurice thorezLe grand pre 14160 Dives sur mer","Dives sur mer"
"picard cugnaux","Avenue georges pompidouZone artisanale agora 31270 Cugnaux","Cugnaux"
"picard crolles","846 avenue ambroise croizat 38920 Crolles","Crolles"
"picard dieppe","91 avenue gambetta 76200 Dieppe","Dieppe"
"picard dax","123 avenue clemenceau 40100 Dax","Dax"
"picard dorlisheim","Rue mercureZone commerciale cora 67120 Dorlisheim","Dorlisheim"
"picard douarnenez","6 rue edouard branlyZac de toubalan 29100 Douarnenez","Douarnenez"
"picard drancy","87-89 avenue henri barbusse 93700 Drancy","Drancy"
"picard dragon","24 rue du dragon 75006 Paris","Paris"
"picard duroc","80 bis rue de sevres duroc 75007 Paris","Paris"
"picard domont","2 avenue jean rostandDirection leclerc moisselles 95460 Ezanville","Ezanville"
"picard draveil","24 place de la république 91210 Draveil","Draveil"
"picard dourdan","Rue d'orsonville 91410 Dourdan","Dourdan"
"picard dreux","Centre commercial porte nord16 rue henry potez 28100 Dreux","Dreux"
"picard frejus tassigny","960 avenue de lattre de tassigny 83600 Frejus","Frejus"
"picard felix faure","48 avenue félix faure 75015 Paris","Paris"
"picard francheville","29 avenue du chater 69340 Francheville","Francheville"
"picard flins","107 chemin départemental 14 78410 Flins sur seine","Flins sur seine"
"picard gambey","6 rue gambey 75011 Paris","Paris"
"picard frejus","Avenue du 8 mai 45 83600 Frejus","Frejus"
"picard fougeres","Rue de sévignéForum de la gare 35300 Fougeres","Fougeres"
"picard gaillac","Avenue de saint exupéryCc de roumagnac - en face du leclerc 81600 Gaillac","Gaillac"
"picard flers","108 rue messei 61100 Flers","Flers"
"picard issy les moulineaux","45 rue du général leclerc 92130 Issy les moulineaux","Issy les moulineaux"
"picard halles st quentin","9 rue marcel proust 78180 Montigny le bretonneux","Montigny le bretonneux"
"picard gruchet le valasse","6 rue de l'abbaye 76210 Gruchet le valasse","Gruchet le valasse"
"picard guyancourt","5-7 rue dampierre 78280 Guyancourt","Guyancourt"
"picard guersant","44 rue guersant 75017 Paris","Paris"
"picard groslay","Avenue de la république 95410 Groslay","Groslay"
"picard guingamp","21 rue du mréchal joffre 22200 Guingamp","Guingamp"
"picard gueret","Avenue de l'europe 23000 Gueret","Gueret"
"picard ifs","Route de falaise 14123 Ifs","Ifs"
"picard la teste de buch","20 avenue de verdunZone commerciale cap océan 33260 La teste de buch","La teste de buch"
"picard la roche sur yon","112 rue roger salengro 85000 La roche sur yon","La roche sur yon"
"picard le bouscat","48 avenue de la libération 33110 Le bouscat","Le bouscat"
"picard la robertsau","25 rue boecklin 67000 Strasbourg","Strasbourg"
"picard lacassagne","42 avenue lacassagne 69003 Lyon","Lyon"
"picard langueux","1 rue jules verne 22360 Langueux","Langueux"
"picard langon","Zone commerciale de moleon 33210 Langon","Langon"
"picard lannion","Route de perros guirecLieu dit kersoles 22300 Lannion","Lannion"
"picard lavaur","75, avenue de cocagneZone artisanale rouch 81500 Lavaur","Lavaur"
"picard laumiere","100 rue de meaux 75019 Paris","Paris"
"picard langres","2 rue monge 52200 Saints-geosmes","Saints-geosmes"
"picard le grand quevilly","6 rue antoine de lavoisier 76120 Le grand quevilly","Le grand quevilly"
"picard le blanc mesnil","24-26 avenue henri barbusse 93150 Le blanc mesnil","Le blanc mesnil"
"picard le mans plein sud","12-14 rue roger de la fresnaye 72100 Le mans","Le mans"
"picard le boulou","Lieu dit vinyes d'en cavallers 66160 Le boulou","Le boulou"
"picard laval","62 boulevard louis armandFace au centre commercial leclerc 53940 Saint berthevin","Saint berthevin"
"picard landerneau","Allée des mimosasLieu dit quinquio leck landerneau 29800 Landerneau","Landerneau"
"picard lanester","Rue du 19 mars 1962Zone commerciale de kerrous 56600 Lanester","Lanester"
"picard laon","Rue charles peguyFace au centre commercial continent 02000 Laon","Laon"
"picard le plessis robinson","20 grand placeZone d'aménagement du coeur de ville 92350 Le plessis robinson","Le plessis robinson"
"picard vendin le vieil","Centre commercial lens 2 62880 Vendin le vieil","Vendin le vieil"
"picard levallois baudin","43 rue baudin 92300 Levallois perret","Levallois perret"
"picard lesparre medoc","23 route de bordeaux 33340 Lesparre medoc","Lesparre medoc"
"picard le vesinet","15 rue du general clavery 78110 Le vesinet","Le vesinet"
"picard le pradet","Avenue ganzinCentre commercial la rotonde zone d'aménagement de l'esquirol 83220 Le pradet","Le pradet"
"picard le touquet","100 rue de la cancheAvenue de l'europe 62780 Cucq","Cucq"
"picard les angles","Avenue emile tavel 30400 Les angles","Les angles"
"picard leers","Rue verdierZone commerciale auchan 59115 Leers","Leers"
"picard marseille chateau gombert","310 chemin de chateau gombert 13013 Marseille","Marseille"
"picard mareuil les meaux","Zone d'attachement de la hayette 77100 Mareuil les meaux","Mareuil les meaux"
"picard marseille bonneveine","Avenue elsa trioletCetre commercial carrefour bonneveine 13008 Marseille","Marseille"
"picard margny les compiegne","26 ter rue de clermont 60200 Compiegne","Compiegne"
"picard marseille chartreux","150 avenue des chartreux 13004 Marseille","Marseille"
"picard marseille  le brix","1-3 rue aviateur le brix 13009 Marseille","Marseille"
"picard marseille cantini","39 avenue jules cantini 13006 Marseille","Marseille"
"picard marly le roi","Avenue de l'amiral lemonnierCentre commercial champion 78160 Marly le roi","Marly le roi"
"picard marly fontaine","Zone d'aménagement de la belle fontaine 57155 Marly","Marly"
"picard montereau","Espace le breau centre commercial 77130 Varennes sur seine","Varennes sur seine"
"picard montaigu","Zone artisanale et commerciale de bellevuePorte de bouffere 85600 Bouffere","Bouffere"
"picard mont de marsan","586 avenue du maréchal foch 40000 Mont de marsan","Mont de marsan"
"picard montauban nord","120 avenue de paris 82000 Montauban","Montauban"
"picard michel-ange","114 bis rue michel ange 75016 Paris","Paris"
"picard montbeliard","10 rue jean baptiste pertoisZone d'aménagement du pied des gouttes 25200 Montbeliard","Montbeliard"
"picard montauroux","Lieu dit la barriereRoute nationale 562 83440 Montauroux","Montauroux"
"picard mont cenis","81 rue du mont cenis 75018 Paris","Paris"
"picard montesson","287 avecnue gabriel peri 78360 Montesson","Montesson"
"picard montchat","89-93 cours du docteur long 69003 Lyon","Lyon"
"picard orleans faubourg bannier","54 rue du faubourg bannier 45000 Orleans","Orleans"
"picard oleron","6 avenue de bonnemie 17310 St pierre d'oleron","St pierre d'oleron"
"picard orleans fg madeleine","65 rue du faubourg madeleine 45000 Orleans","Orleans"
"picard noisy le sec","17 rue jean jaures 93130 Noisy le sec","Noisy le sec"
"picard orange","544 avenue de verdun 84100 Orange","Orange"
"picard ollioules","553 chemin des canniers 83190 Ollioules","Ollioules"
"picard ordener","126 rue ordener 75018 Paris","Paris"
"picard olivet","Rue brillat savarinRoute nationale 20 zone artisanale expo sud 45100 Orleans","Orleans"
"picard orsay","Rond point mondetourRoute nationale 446 91940 Les ulis","Les ulis"
"picard pontault combault","Route nationale 4Le pavé de pontault 77340 Pontault combault","Pontault combault"
"picard portet sur garonne","23 route de muret 31120 Portet sur garonne","Portet sur garonne"
"picard pontchartrain","2 rue des artisans 78760 Jouars pontchartrain","Jouars pontchartrain"
"picard port marly","3 rue de paris 78560 Port marly","Port marly"
"picard pontoise","23 boulevard jean jauresAngle 6 rue delacour 95300 Pontoise","Pontoise"
"picard pornic","Zone d'aménagement des terres jarries 44210 Pornic","Pornic"
"picard pyrenees","226 rue des pyrénées 75020 Paris","Paris"
"picard pontivy","Rue albert de munLotissement d'activité 56300 Pontivy","Pontivy"
"picard privas","2 avenue du lac de la fugièreRoute de chomerac 07000 Privas","Privas"
"picard savigny sur orge","50-52 avenue aristide briandAngle rue molière 91600 Savigny sur orge","Savigny sur orge"
"picard schiltigheim","132 route de bischwiller 67300 Schiltigheim","Schiltigheim"
"picard secretan","44 rue de meaux 75019 Paris","Paris"
"picard selestat","Zone industrielle nord 67600 Selestat","Selestat"
"picard saint pere sur loire","18 rue de savoie 45600 Saint pere sur loire","Saint pere sur loire"
"picard flourens","23 ter chemin lasserreRoute de nantes 31130 Flourens","Flourens"
"picard divatte sur loire","Boulevard pasteurCcial val fleury 44450 Divatte sur loire","Divatte sur loire"
"picard lons le saunier","45 avenue camille prost 39000 Lons le saunier","Lons le saunier"
"picard cholet nord","33 avenue edmond michelet 49300 Cholet","Cholet"
"picard soustons","15, rue de gascogne 40140 Soustons","Soustons"
"picard noisy-le-grand les richardets","55 avenue médéric 93160 Noisy le grand","Noisy le grand"
"picard oleron","6 avenue de bonnemie 17310 St pierre d'oleron","St pierre d'oleron"
"picard orleans fg madeleine","65 rue du faubourg madeleine 45000 Orleans","Orleans"
"picard noisy le sec","17 rue jean jaures 93130 Noisy le sec","Noisy le sec"
"picard orange","544 avenue de verdun 84100 Orange","Orange"
"picard ollioules","553 chemin des canniers 83190 Ollioules","Ollioules"
"picard pantin","59 avenue jean lolive 93500 Pantin","Pantin"
"picard ordener","126 rue ordener 75018 Paris","Paris"
"picard olivet","Rue brillat savarinRoute nationale 20 zone artisanale expo sud 45100 Orleans","Orleans"
"picard orsay","Rond point mondetourRoute nationale 446 91940 Les ulis","Les ulis"
"picard paris saint placide","37 rue saint placide 75006 Paris","Paris"
"picard paris casimir perier","6 rue casimir perier 75007 Paris","Paris"
"picard perpignan foch","60 rue du maréchal foch 66000 Perpignan","Perpignan"
"picard petite foret","Za franco belgeRue anatole france 59494 Petite foret","Petite foret"
"picard paris pasteur","69, boulevard pasteur 75015 Paris","Paris"
"picard perigueux","107 avenue maréchal juin 24000 Perigueux","Perigueux"
"picard persan","Avenue jacques vogtZone d'aménagement de l'arrieux 95340 Persan","Persan"
"picard pau","11 avenue du général leclerc 64000 Pau","Pau"
"picard pessac","60 avenue pasteur 33600 Pessac","Pessac"
"picard redon bretagne","Route de rennesLieu dit cotard 35600 Redon","Redon"
"picard rennes cleunay","1 rue jules vallèsZone d'aménagement cleunay 35000 Rennes","Rennes"
"picard rambouillet","4 route d'orphinCd 150 accès centre commercial carrefour 78120 Rambouillet","Rambouillet"
"picard rendez-vous","43 rue du rendez-vous 75012 Paris","Paris"
"picard reims colombier","310 avenue de laon 51100 Reims","Reims"
"picard quimper sud","163 route de benodetZone commerciale géant 29000 Quimper","Quimper"
"picard republique","51 avenue de la république 75011 Paris","Paris"
"picard reaumur","35 rue reaumur 75003 Paris","Paris"
"picard reims","Rue henri delacroix 51100 Reims","Reims"
"picard rueil malmaison","21 rue du chateau 92500 Rueil malmaison","Rueil malmaison"
"picard rosny sous-bois","30 rue du général galliéni 93110 Rosny sous bois","Rosny sous bois"
"picard rueil empereur","168 route de l'empereur 92500 Rueil malmaison","Rueil malmaison"
"picard rousset","Route de tretsCd 6 13790 Peynier","Peynier"
"picard roquette","67-69 rue de la roquette 75011 Paris","Paris"
"picard rubelles","4 rue du perreCentre commercial carrefour market 77950 Rubelles","Rubelles"
"picard roubaix","Aux 3 censes135 rue edouard vaillant 59100 Roubaix","Roubaix"
"picard rouen","8 rue guillaume le conquérant 76000 Rouen","Rouen"
"picard royan","54 rue pierre loti 17200 Royan","Royan"
"picard saint laurent du var","375 avenue du général leclerc 06700 St laurent du var","St laurent du var"
"picard saint martin d'heres","90 rue gabriel peri 38400 Saint martin d'heres","Saint martin d'heres"
"picard salon de provence","Boulevard de la reine jeanneZone industrielle 13300 Salon de provence","Salon de provence"
"picard sainte eulalie","Rue du signoretCentre commercial grand tour 2 33560 Sainte eulalie","Sainte eulalie"
"picard sainte maxime","63 route du plan de la tour 83120 Ste maxime","Ste maxime"
"picard sallanches","842 avenue de genève 74700 Sallanches","Sallanches"
"picard sarreguemines","Rue des ormes 57200 Sarreguemines","Sarreguemines"
"picard saintes","52 cours du maréchal leclerc 17100 Saintes","Saintes"
"picard saran","1904 route nationnale 20 45770 Saran","Saran"
"picard st martin boulogne","7 rue de plaine 62280 Saint martin boulogne","Saint martin boulogne"
"picard st maur rer","22 rue du pont de  créteil 94100 Saint maur des fosses","Saint maur des fosses"
"picard st cyr sur loire","242 boulevard charles de gaulle 37540 Saint cyr sur loire","Saint cyr sur loire"
"picard st germain","28 rue du vieux marché 78100 St germain en laye","St germain en laye"
"picard st herblain","Rue des cochardieres 44800 St herblain","St herblain"
"picard st gregoire","Auge de pierre 35760 St gregoire","St gregoire"
"picard st martial","52 cours gay lussac 87000 Limoges","Limoges"
"picard st malo","Avenue de launay breton 35400 Saint malo","Saint malo"
"picard ancenis","783 boulevard de la prairieEspace 23 44150 Saint gereon","Saint gereon"
"picard alfortville","139-141 rue paul vaillant couturier 94140 Alfortville","Alfortville"
"picard angoulins","Zone d'attachement des fourneaux 17690 Angoulins","Angoulins"
"picard annemasse","10 rue de genève 74100 Annemasse","Annemasse"
"picard albi","53 avenue francois verdierRoute de toulouse 81000 Albi","Albi"
"picard billancourt","252 boulevard jean jaures 92100 Boulogne billancourt","Boulogne billancourt"
"picard beziers clemenceau","69 avenue georges clemenceau 34500 Beziers","Beziers"
"picard bertin nancy","18-22 rue emile bertin 54000 Nancy","Nancy"
"picard besancon","85 c rue de belfort 25000 Besancon","Besancon"
"picard billere","59 route de bayonne 64140 Billere","Billere"
"picard beynost","Rue du pré caillat 01700 Beynost","Beynost"
"picard blanqui","147 boulevard auguste blanqui 75013 Paris","Paris"
"picard blagnac","2 route de grenade 31700 Blagnac","Blagnac"
"picard beziers","Zone commerciale beziers la giniesse 34500 Beziers","Beziers"
"picard essey les nancy","21 bis avenue fochRoute nationale 74 54270 Essey les nancy","Essey les nancy"
"picard faubourg montmartre","28 rue du faubourg montmartre 75009 Paris","Paris"
"picard evreux","933 route de paris 27930 Le vieil evreux","Le vieil evreux"
"picard fecamp","Rue de la briqueterieZone commerciale les prairies de saint léonard 76400 Saint leonard","Saint leonard"
"picard estacade","82-84 cours jean jaures 38000 Grenoble","Grenoble"
"picard esbly","Rue du port 77450 Esbly","Esbly"
"picard eybens","34 avenue jean jaures 38320 Eybens","Eybens"
"picard eysines","100 avenue du médoc 33320 Eysines","Eysines"
"picard evry","2 rue gaston cremieux 91000 Evry","Evry"
"picard guilherand granges","152 rue jean moulin 07500 Guilherand granges","Guilherand granges"
"picard grenoble albert 1er","14 avenue albert 1er de belgique13 avenue du général champon 38000 Grenoble","Grenoble"
"picard gujan mestras","Centre commercial grand large 33470 Gujan mestras","Gujan mestras"
"picard grenoble meylan","77 avenue du gresivaudan 38240 Meylan","Meylan"
"picard guy moquet","102 avenue de saint ouen 75018 Paris","Paris"
"picard guerande","2-3 place kerhillierZone d'aménagement de villejames 44350 Guerande","Guerande"
"picard grasse","160 rue de cannes 06130 Grasse","Grasse"
"picard hauteville","65 rue d'hauteville 75010 Paris","Paris"
"picard haguenau","18 bis route de bitcheAngle de la rue du bouleau 67500 Haguenau","Haguenau"
"picard la ferte sous jouarre","13 avenue franklin roosevelt 77260 La ferte sous jouarre","La ferte sous jouarre"
"picard la chapelle s/erdre","Rue d'utrechtCentre commercial viv'erdre 44240 La chapelle s/erdre","la chapelle sous erdre"
"picard la garenne colombes","18 bis rue voltaire 92250 La garenne colombes","La garenne colombes"
"picard la destrousse","Route nationale 96Lieu dit la souque nègre 13112 La destrousse","La destrousse"
"picard la grande motte","89 rue des artisans 34280 La grande motte","La grande motte"
"picard la garde","45 rue de l'abbé sieyesZone artisanale la valette est 83130 Toulon la garde","Toulon la garde"
"picard la ciotat","13 avenue emile sellon 13600 La ciotat","La ciotat"
"picard la pointe","Route de la pointeRoute départemental 2204 06440 Blausasc","Blausasc"
"picard la fourche","37 avenue de clichy 75017 Paris","Paris"
"picard lyon freres lumiere","110 avenue des frères lumière 69008 Lyon","Lyon"
"picard lyon garibaldi","85 cours gambetta 69003 Lyon","Lyon"
"picard louis blanc","31 rue louis blanc 75010 Paris","Paris"
"picard lyon cordeliers","6 rue grolee 69002 Lyon","Lyon"
"picard lille molinel","74 rue du molinel 59000 Lille","Lille"
"picard lormont","2 avenue de parisAngle route nationale 10 et avenue john fitzgerald kennedy 33310 Lormont","Lormont"
"picard louvroil","Les pres d'herminyCentre commercial auchan 59720 Louvroil","Louvroil"
"picard loos","236 rue sidi carnot 59320 Haubourdin","Haubourdin"
"picard lunel","101 chemin de la vidourlenque 34400 Lunel","Lunel"
"picard marseille romain rolland","222-224 boulevard romain rolland 13010 Marseille","Marseille"
"picard marseille la valentine","Avenue des peintres roux 13012 Marseille","Marseille"
"picard marseille la pomme","32 boulevard de la pomme 13011 Marseille","Marseille"
"picard marseille mazargues","217 avenue de mazargues 13008 Marseille","Marseille"
"picard marseille delprat","Boulevard marcel delpratCentre commercial casino 13013 Marseille","Marseille"
"picard marseille george","1-3 rue george 13004 Marseille","Marseille"
"picard marseille prado","177 avenue du prado 13008 Marseille","Marseille"
"picard marseille republique","81 avenue de la république 13002 Marseille","Marseille"
"picard marseille liberation","199 boulevard de la libération 13004 Marseille","Marseille"
"picard mont saint aignan","Centre commercial des coquets 76130 Mont saint aignan","Mont saint aignan"
"picard plaisance du touch","2 rue bernadetCentre commercial bernardet 31830 Plaisance du touch","Plaisance du touch"
"picard philippe-auguste","63 avenue philippe auguste 75011 Paris","Paris"
"picard place des fetes","15 rue henri ribiere 75019 Paris","Paris"
"picard ploermel","Rue du lac 56800 Ploermel","Ploermel"
"picard plaisir","3 rue paul langevin 78370 Plaisir","Plaisir"
"picard poissy","13 boulevard devaux 78300 Poissy","Poissy"
"picard pezenas","36 avenue de verdun 34120 Pezenas","Pezenas"
"picard pierry","Allée de maxenuCentre commercial leclerc 51530 Pierry","Pierry"
"picard ramonville st agne","27 avenue de tolosane 31520 Ramonville st agne","Ramonville st agne"
"picard rochefort","68 boulevard du 11 novembre 1918 17300 Rochefort","Rochefort"
"picard reims dauphinot","136 boulevard dauphinot 51100 Reims","Reims"
"picard rene coty","102 avenue rené coty 76600 Le havre","Le havre"
"picard rennes sud","95 boulevard emile combes 35000 Rennes","Rennes"
"picard reuilly","37-37 bis rue de reuilly 75012 Paris","Paris"
"picard roanne","Rue alexandre raffinCentre commercial espace saint louis 42300 Roanne","Roanne"
"picard roncq","Rue dronckaertAngle boulevard d'halluin 59223 Roncq","Roncq"
"picard saint julien en genevois","6 route de lathoy 74160 Saint julien en genevois","Saint julien en genevois"
"picard saint remy de provence","1 avenue de la 1re division francaise libreZone agricole de la gare 13210 Saint remy de provence","Saint remy de provence"
"picard saint medard en jalles","2 avenue descartes 33160 St medard en jalles","St medard en jalles"
"picard saint orens","2 avenue de toulouse 31650 Saint orens de gameville","Saint orens de gameville"
"picard saint raphael","447 boulevard jean moulin 83700 Saint raphael","Saint raphael"
"picard saint mande","52 avenue charles de gaulle 94160 Saint mande","Saint mande"
"picard saint mard","Zac des deux moulinsAvenue de la fontaine du berger 77230 Saint mard","Saint mard"
"picard saint marcelin","Les gameuxCentre commercial leclerc 38160 Chatte","Chatte"
"picard saint lo","127 avenue de lattre de tassigny 50000 Saint lo","Saint lo"
"picard seynod","76-84 avenue d'aix les bains 74600 Seynod","Seynod"
"picard sisteron","Centre commercial val de duranceZone hyper u 04200 Sisteron","Sisteron"
"picard st genis laval","56-58 avenue clemenceau 69230 Saint genis laval","Saint genis laval"
"picard st brice","6 rue jean zayCentre commercial carrefour 95350 St brice sous foret","St brice sous foret"
"picard st egreve","9 rue de la tremouillièreZone commerciale 38120 Saint egreve","Saint egreve"
"picard st etienne","5 rue du grand moulin 42000 Saint etienne","Saint etienne"
"picard st denis","8 rue fontaine 93200 Saint denis","Saint denis"
"picard st marcel","68 boulevard saint marcel 75005 Paris","Paris"
"picard sevigne rennes","84 boulevard de metz 35000 Rennes","Rennes"
"picard l'horme","40 avenue pasteur 42152 L'horme","L'horme"
"picard tignieu jameyzieu","Route de cremieu 38230 Tignieu jameyzieu","Tignieu jameyzieu"
"picard theophile gautier","16 avenue théophile gautier 75016 Paris","Paris"
"picard toulon gasquet","2067 avenue joseph gasquet 83000 Toulon","Toulon"
"picard tocqueville","112 rue de tocqueville 75017 Paris","Paris"
"picard thionville","8 rue jean vigoZone d'attachement du val marie 57100 Thionville","Thionville"
"picard saint gaudens","12 avenue du général leclerc 31800 St gaudens","St gaudens"
"picard rue de clichy","26-28 rue de clichy 75009 Paris","Paris"
"picard saint fargeau","158-160 rue menilmontant 75020 Paris","Paris"
"picard rubelles","4 rue du perreCentre commercial carrefour market 77950 Rubelles","Rubelles"
"picard st cloud beausoleil","160 boulevard de la république 92210 St cloud","St cloud"
"picard st cyr l ecole","2 rue mansart 78210 St cyr l ecole","St cyr l ecole"
"picard soisy","23 avenue du général leclerc 95230 Soisy sous montmorency","Soisy sous montmorency"
"picard six fours","730 avenue de la mer 83140 Six fours les plages","Six fours les plages"
"picard sollies pont","200 avenue de l'arlesienne 83210 Sollies pont","Sollies pont"
"picard simplon","32 boulevard ornano 75018 Paris","Paris"
"picard soissons","Zone d'aménagement de l'archerRoute nationale 2 face au centre commercial cora 02200 Soissons","Soissons"
"picard senlis","39-41 avenue du général de gaulle 60300 Senlis","Senlis"
"picard sevres","72 grande rue 92310 Sevres","Sevres"
"picard trois moulins","19 place de la résistance 92130 Issy les moulineaux","Issy les moulineaux"
"picard toulouse saint michel","16 grande rue saint michel 31000 Toulouse","Toulouse"
"picard tournefeuille","10 chemin saint exupery 31170 Tournefeuille","Tournefeuille"
"picard tours nord","Route nationale 10Zone fuzaparc 37000 Tours","Tours"
"picard tourcoing","310 boulevard gambettaCentre commercial match 59200 Tourcoing","Tourcoing"
"picard trudaine","18 avenue trudaine 75009 Paris","Paris"
"picard tournelle","2 boulevard saint germain 75005 Paris","Paris"
"picard viriat","44 rue du plateau 01440 Viriat","Viriat"
"picard fonsorbes","Centre commercial des portes du gers1, allée de gascogne 31470 Fonsorbes","Fonsorbes"
"picard le cannet boulevard carnot","110 boulevard sadi carnot 06100 Le cannet","Le cannet"
"picard marseille vieux port","11 place du général de gaulle 13001 Marseille","Marseille"
"picard ecole valentin","Rue ariane iiZac de valentin 25480 Miserey salines","Miserey salines"
"picard la madeleine","81 rue du général de gaulle 59110 La madeleine","La madeleine"
"picard bagnolet","2-4 allée odette kerbaul 93170 Bagnolet","Bagnolet"
"picard martigues","2 boulevard de tholon 13117 Martigues","Martigues"
"picard chaponnay","Allee de bourdonne 69970 Chaponnay","Chaponnay"
"picard landivisiau","Zone artisanale de kerven 29400 Landivisiau","Landivisiau"
"picard lezignan corbieres","Rue alfred nobelCcial coeur d aube 11200 Lezignan corbieres","Lezignan corbieres"
"picard saint brevin les pins","Za de la guerche3 avenue des 20 moulins 44250 Saint brevin les pins","Saint brevin les pins"
"picard pontchateau","Parc commercial rive sud 44160 Saint anne sur brivet","Saint anne sur brivet"
"picard paris immeubles industriels","15 rue des immeubles industriels 75011 Paris","Paris"
"picard montgiscard","Rd 813 lieu dit en rouzaudCc les portes du lauragais 31450 Montgiscard","Montgiscard"
"picard orgeval","524 avenue pasteur 78630 Orgeval","Orgeval"
"picard caudry","Boulevard du 8 mai 1945 59540 Caudry","Caudry"
"picard sommieres","Route de saussinesCcial les garrigues 30250 Sommieres","Sommieres"
"picard pineuilh","80 rue de la resistanceCentre commercial grand pineuilh 33220 Pineuilh","Pineuilh"
"picard bourg saint maurice","403 avenue du stade 73700 Bourg saint maurice","Bourg saint maurice"
"picard hauconcourt","Parking cc leclercSortie 35 - route de maizières 57280 Hauconcourt","Hauconcourt"
"picard saint genis pouilly","126 rue du saleveZa de l allondon 01630 Saint genis pouilly","Saint genis pouilly"
"picard limoux","1 allee de la piege 11300 Limoux","Limoux"
"picard evry champs elysees","11-15 boulevard des champs elysees 91080 Evry courcouronnes","Evry courcouronnes"
"picard rueil arsenal","70 bis rue des bons raisins 92500 Rueil malmaison","Rueil malmaison"
"picard nimes castanet","171  route de sauve 30900 Nimes","Nimes"
"picard publier","Ccial cora shop in d1005 74500 Publier","Publier"
"picard gignac","96 rue de la constellationZac la croix 34150 Gignac","Gignac"
"picard bondues","644 avenue du general de gaulle 59910 Bondues","Bondues"
"picard carentan les marais","Rue de la guinguetteLieu dit tripieville 50500 Carentan les marais","Carentan les marais"
"picard quaedypre","5 route nationale 59380 Quaedypre","Quaedypre"
"picard passins morestel","100 route de bachelin 38510 Passins","Passins"
"picard le cendre","Rue jean mermoz 63670 Le cendre","Le cendre"
"picard sedan","14 avenue pasteur 08200 Sedan","Sedan"
"picard saint pierre des corps","13/15 rue de la breteche 37700 Saint pierre des corps","Saint pierre des corps"
"picard annecy centre","40 avenue de cran 74000 Annecy","Annecy"
"picard villepinte","94 boulevard robert ballanger 93420 Villepinte","Villepinte"
"picard coutras","La bodetterie 33230 Coutras","Coutras"
"picard neuilly roule","155 avenue achille peretti 92200 Neuilly sur seine","Neuilly sur seine"
"picard nice auguste gal","7-9 rue auguste gal 06000 Nice","Nice"
"picard nice maccarani","7 rue maccarani 06000 Nice","Nice"
"picard nantes emile zola","4 place emile zola 44000 Nantes","Nantes"
"picard nice californie","48-50 avenue de californie 06000 Nice","Nice"
"picard nantes guist'hau","7 boulevard guist'hau 44000 Nantes","Nantes"
"picard nice madeleine","43 boulevard de la madeleine 06000 Nice","Nice"
"picard nice gorbella","69 boulevard gorbella cité du rayMarché couvert 06000 Nice","Nice"
"picard nice matisse","2 rue louis blériot 06200 Nice","Nice"
"picard nice cessole","16 boulevard cessole 06000 Nice","Nice"
"picard parly ii","9 avenue dutratre 78150 Le chesnay parly ii","Le chesnay parly ii"
"picard paris saint martin","11 rue du faubourg saint martin 75010 Paris","Paris"
"picard paris saint jacques","344 rue saint jacques 75005 Paris","Paris"
"picard paris beaubourg","26 rue beaubourg 75003 Paris","Paris"
"picard paris dunkerque","45 rue de dunkerque 75010 Paris","Paris"
"picard pau mermoz","258 boulevard jean mermoz 64000 Pau","Pau"
"picard pantheon","6 place du panthèon 75005 Paris","Paris"
"picard parmentier","4 avenue parmentier 75011 Paris","Paris"
"picard paroisse","76 rue de la paroisse 78000 Versailles","Versailles"
"picard pontchartrain","2 rue des artisans 78760 Jouars pontchartrain","Jouars pontchartrain"
"picard pont l'abbe","Zone artisanale de kerganet 29720 Ploneour lanvern","Ploneour lanvern"
"picard pont-audemer","7 rue du général koenig 27500 Pont-audemer","Pont-audemer"
"picard nice st isidore","45 avenue auguste verola 06200 Nice","Nice"
"picard carbonne","Avenue j monnetCarrefour market lieu dit millet 31390 Carbonne","Carbonne"
"picard vienne","11 place camille jouffray 38200 Vienne","Vienne"
"picard morteau","7 chemin des pierresA cote de les comptoirs de la bio 25500 Morteau","Morteau"
"picard fronton","540 route de toulouse 31620 Fronton","Fronton"
"picard hyeres la bayorre","828 route de toulonLes jardins de la bayorre 83400 Hyeres","Hyeres"
"picard belleville en beaujolais","Rue albert camusZc le pre de la cloche 69220 Belleville en beaujolais","Belleville en beaujolais"
"picard issenheim","5 rue de nevers 68500 Issenheim","Issenheim"
"picard saint jean d angely","1 rue rene cassinZi de la grenoblerie 17400 Saint jean d angely","Saint jean d angely"
"picard porto vecchio","Route de bastiaEspace poretta 20137 Porto vecchio","Porto vecchio"
"picard yvetot ? sainte marie des champs","9004 rue des lievres 76190 Sainte marie des champs","Sainte marie des champs"
"picard roquefort les pins","4160 d2085 06330 Roquefort les pins","Roquefort les pins"
"picard fameck","Avenue francois mitterrandCc leclerc fameck 57290 Fameck","Fameck"
"picard thuir","5-7 avenue de la padrouzeZone commerciale les aspres 66300 Thuir","Thuir"
"picard peronne","9 avenue de l europe 80200 Peronne","Peronne"
"picard saint romain en viennois","3 allee st hubert 84110 Saint romain en viennois","Saint romain en viennois"
"picard saint sulpice la pointe","1 rue rene mercier 81370 Saint sulpice la pointe","Saint sulpice la pointe"
"picard erstein","3 route de krafft 67150 Erstein","Erstein"
"picard nogent le rotrou","Rue de la bruyereCentre commercial du perche 28400 Nogent le rotrou","Nogent le rotrou"
"picard blain","5 rue des droits de l homme 44130 Blain","Blain"
"picard puteaux bergeres","46 avenue des bergeres 92800 Puteaux","Puteaux"
"picard sevrier","251 route de piron 74320 Sevrier","Sevrier"
"picard freneuse","Rue jean tissierCentre commercial de la vallee 78840 Freneuse","Freneuse"
"picard borgo","1610 avenue de borgoCarre saint andre bat 1 20290 Borgo","Borgo"
"picard sete","29 rue gambetta 34200 Sete","Sete"
"picard jouy le moutier","3/4 place du bien etre 95280 Jouy le moutier","Jouy le moutier"
"picard vauvert","76 avenue mas saint laurent 30600 Vauvert","Vauvert"
"picard isneauville","1884 route de neufchatel 76230 Isneauville","Isneauville"
"picard la gorgue","Avenue des aulnesZac des magots 59253 La gorgue","La gorgue"
"picard meung sur loire","51 rue d orleans 45130 Meung sur loire","Meung sur loire"
"picard colomiers la salvetat","45 chemin de la salvetat 31770 Colomiers","Colomiers"
"picard saint ouen","39 avenue gabriel peri 93400 Saint ouen","Saint ouen"
"picard podensac","Allee des coudannes 33720 Podensac","Podensac"
"picard lisieux","Avenue georges pompidouCcial intermarche 14100 Lisieux","Lisieux"
"picard saint pierre des corps","13/15 rue de la breteche 37700 Saint pierre des corps","Saint pierre des corps"
"picard saint pol de leon","Zone industrielle de kerrannouRond-point de lesvestric (près de fresh) 29250 Saint pol de leon","Saint pol de leon"
"picard villepinte","94 boulevard robert ballanger 93420 Villepinte","Villepinte"
"picard marquise","Allee des primeveres 62250 Marquise","Marquise"
"picard moirans","6 route de grenoble 38430 Moirans","Moirans"
"picard coutras","La bodetterie 33230 Coutras","Coutras"
"picard soyaux","278 bis avenue du general de gaulle 16800 Soyaux","Soyaux"
"picard carentan les marais","Rue de la guinguetteLieu dit tripieville 50500 Carentan les marais","Carentan les marais"
"picard quaedypre","5 route nationale 59380 Quaedypre","Quaedypre"
"picard la seyne sur mer","14 avenue de rome 83500 La seyne sur mer","La seyne sur mer"
"picard passins morestel","100 route de bachelin 38510 Passins","Passins"
"picard le cendre","Rue jean mermoz 63670 Le cendre","Le cendre"
"picard sedan","14 avenue pasteur 08200 Sedan","Sedan"
"picard le chesnay","22 rue de versailles 78150 Le chesnay rocquencourt","Le chesnay rocquencourt"
"picard annecy centre","40 avenue de cran 74000 Annecy","Annecy"
"picard les herbiers","68 rue de beaurepaire 85500 Les herbiers","Les herbiers"
"picard morangis","33 avenue ferdinand de lesseps 91420 Morangis","Morangis"
"picard lons le saunier","45 avenue camille prost 39000 Lons le saunier","Lons le saunier"
"picard grenade","158 rue de bethmale 31330 Grenade","Grenade"
"picard clisson","1 rue felix defontaineRoute de nantes 44190 Clisson","Clisson"
"picard honfleur","Rue de la mancheRoute de nantes 14600 Honfleur","Honfleur"
"picard flourens","23 ter chemin lasserreRoute de nantes 31130 Flourens","Flourens"
"picard thorigny sur marne","17 b allee des rousselets 77400 Thorigny sur marne","Thorigny sur marne"
"picard paris bnf","5 rue olivier messiaen 75013 Paris","Paris"
"picard  pierrelatte","Zac de la croix d'or 26700 Pierrelatte","Pierrelatte"
"picard soustons","15, rue de gascogne 40140 Soustons","Soustons"
"picard rocbaron","Rue des freres vialeZac de fray redon 83136 Rocbaron","Rocbaron"
"picard meyzieu","8 rue claude monnetCc leclerc 69330 Meyzieu","Meyzieu"
"picard carbonne","Avenue j monnetCarrefour market lieu dit millet 31390 Carbonne","Carbonne"
"picard vienne","11 place camille jouffray 38200 Vienne","Vienne"
"picard hyeres la bayorre","828 route de toulonLes jardins de la bayorre 83400 Hyeres","Hyeres"
"picard belleville en beaujolais","Rue albert camusZc le pre de la cloche 69220 Belleville en beaujolais","Belleville en beaujolais"
"picard saint jean d illac","3140 avenue de bordeaux 33127 Saint jean d illac","Saint jean d illac"
"picard somain","181 boulevard louise michelComptoire bio 59490 Somain","Somain"
"picard porto vecchio","Route de bastiaEspace poretta 20137 Porto vecchio","Porto vecchio"
"picard roquefort les pins","4160 d2085 06330 Roquefort les pins","Roquefort les pins"
"picard nogent rer","6 grande rue charles de gaulle 94130 Nogent sur marne","Nogent sur marne"
"picard nice st isidore","45 avenue auguste verola 06200 Nice","Nice"
"picard thuir","5-7 avenue de la padrouzeZone commerciale les aspres 66300 Thuir","Thuir"
"picard peronne","9 avenue de l europe 80200 Peronne","Peronne"
"picard lisieux","Avenue georges pompidouCcial intermarche 14100 Lisieux","Lisieux"
"picard saint pol de leon","Zone industrielle de kerrannouRond-point de lesvestric (près de fresh) 29250 Saint pol de leon","Saint pol de leon"
"picard meung sur loire","51 rue d orleans 45130 Meung sur loire","Meung sur loire"
"picard colomiers la salvetat","45 chemin de la salvetat 31770 Colomiers","Colomiers"
"picard marquise","Allee des primeveres 62250 Marquise","Marquise"
"picard podensac","Allee des coudannes 33720 Podensac","Podensac"
"picard moirans","6 route de grenoble 38430 Moirans","Moirans"
"picard soyaux","278 bis avenue du general de gaulle 16800 Soyaux","Soyaux"
